value,type
14,Kept
14,Kept
14,Kept
14,Kept
14,Kept
14,Kept
14,Kept
14,Kept
14,Kept
14,Kept
14,Kept
14,Kept
14,Kept
14,Kept
14,Kept
14,Kept
14,Kept
14,Kept
14,Kept
14,Kept
14,Kept
14,Kept
14,Kept
14,Kept
14,Kept
14,Kept
14,Kept
14,Kept
14,Kept
14,Kept
14,Kept
14,Kept
14,Kept
14,Kept
14,Kept
14,Kept
14,Kept
14,Kept
14,Kept
14,Kept
14,Kept
14,Kept
14,Kept
14,Kept
14,Kept
14,Kept
14,Kept
14,Kept
14,Kept
14,Kept
14,Kept
14,Kept
14,Kept
14,Kept
14,Kept
14,Kept
14,Kept
14,Kept
14,Kept
14,Kept
13,Kept
13,Kept
13,Kept
13,Kept
13,Kept
13,Kept
13,Kept
13,Kept
13,Kept
13,Kept
13,Kept
13,Kept
13,Kept
13,Kept
13,Kept
13,Kept
13,Kept
13,Kept
13,Kept
13,Kept
13,Kept
13,Kept
13,Kept
13,Kept
13,Kept
13,Kept
13,Kept
13,Kept
13,Kept
13,Kept
13,Kept
13,Kept
13,Kept
13,Kept
13,Kept
13,Kept
13,Kept
13,Kept
13,Kept
13,Kept
13,Kept
13,Kept
13,Kept
13,Kept
13,Kept
13,Kept
13,Kept
13,Kept
13,Kept
13,Kept
13,Kept
13,Kept
13,Kept
13,Kept
13,Kept
13,Kept
13,Kept
13,Kept
13,Kept
13,Kept
13,Kept
13,Kept
13,Kept
13,Kept
13,Kept
13,Kept
13,Kept
13,Kept
13,Kept
13,Kept
13,Kept
13,Kept
13,Kept
13,Kept
13,Kept
13,Kept
13,Kept
13,Kept
13,Kept
13,Kept
13,Kept
13,Kept
13,Kept
13,Kept
13,Kept
13,Kept
13,Kept
13,Kept
13,Kept
13,Kept
13,Kept
13,Kept
13,Kept
13,Kept
13,Kept
12,Kept
12,Kept
12,Kept
12,Kept
12,Kept
12,Kept
12,Kept
12,Kept
12,Kept
12,Kept
12,Kept
12,Kept
12,Kept
12,Kept
12,Kept
12,Kept
12,Kept
12,Kept
12,Kept
12,Kept
12,Kept
12,Kept
12,Kept
12,Kept
12,Kept
12,Kept
12,Kept
12,Kept
12,Kept
12,Kept
12,Kept
12,Kept
12,Kept
12,Kept
12,Kept
12,Kept
12,Kept
12,Kept
12,Kept
12,Kept
12,Kept
12,Kept
12,Kept
12,Kept
12,Kept
12,Kept
12,Kept
12,Kept
12,Kept
12,Kept
12,Kept
12,Kept
12,Kept
12,Kept
12,Kept
12,Kept
12,Kept
12,Kept
12,Kept
12,Kept
12,Kept
12,Kept
12,Kept
12,Kept
12,Kept
12,Kept
12,Kept
12,Kept
12,Kept
12,Kept
12,Kept
12,Kept
12,Kept
12,Kept
12,Kept
12,Kept
12,Kept
12,Kept
12,Kept
12,Kept
12,Kept
12,Kept
12,Kept
12,Kept
12,Kept
12,Kept
12,Kept
12,Kept
12,Kept
12,Kept
12,Kept
12,Kept
12,Kept
12,Kept
12,Kept
12,Kept
12,Kept
12,Kept
12,Kept
12,Kept
12,Kept
12,Kept
12,Kept
12,Kept
12,Kept
12,Kept
12,Kept
12,Kept
12,Kept
12,Kept
12,Kept
12,Kept
12,Kept
12,Kept
12,Kept
12,Kept
12,Kept
12,Kept
12,Kept
12,Kept
11,Kept
11,Kept
11,Kept
11,Kept
11,Kept
11,Kept
11,Kept
11,Kept
11,Kept
11,Kept
11,Kept
11,Kept
11,Kept
11,Kept
11,Kept
11,Kept
11,Kept
11,Kept
11,Kept
11,Kept
11,Kept
11,Kept
11,Kept
11,Kept
11,Kept
11,Kept
11,Kept
11,Kept
11,Kept
11,Kept
11,Kept
11,Kept
11,Kept
11,Kept
11,Kept
11,Kept
11,Kept
11,Kept
11,Kept
11,Kept
11,Kept
11,Kept
11,Kept
11,Kept
11,Kept
11,Kept
11,Kept
11,Kept
11,Kept
11,Kept
11,Kept
11,Kept
11,Kept
11,Kept
11,Kept
11,Kept
11,Kept
11,Kept
11,Kept
11,Kept
11,Kept
11,Kept
11,Kept
11,Kept
11,Kept
11,Kept
11,Kept
11,Kept
11,Kept
11,Kept
11,Kept
11,Kept
11,Kept
11,Kept
11,Kept
11,Kept
11,Kept
11,Kept
11,Kept
11,Kept
11,Kept
11,Kept
11,Kept
11,Kept
11,Kept
11,Kept
11,Kept
11,Kept
11,Kept
11,Kept
11,Kept
11,Kept
11,Kept
11,Kept
11,Kept
11,Kept
11,Kept
11,Kept
11,Kept
11,Kept
11,Kept
11,Kept
11,Kept
11,Kept
11,Kept
11,Kept
11,Kept
11,Kept
11,Kept
11,Kept
11,Kept
11,Kept
11,Kept
11,Kept
11,Kept
11,Kept
11,Kept
11,Kept
11,Kept
11,Kept
11,Kept
11,Kept
11,Kept
11,Kept
11,Kept
11,Kept
11,Kept
11,Kept
11,Kept
11,Kept
11,Kept
11,Kept
11,Kept
11,Kept
11,Kept
11,Kept
11,Kept
11,Kept
11,Kept
11,Kept
11,Kept
11,Kept
11,Kept
11,Kept
11,Kept
11,Kept
11,Kept
11,Kept
11,Kept
11,Kept
11,Kept
11,Kept
11,Kept
11,Kept
11,Kept
11,Kept
11,Kept
11,Kept
11,Kept
11,Kept
11,Kept
11,Kept
11,Kept
11,Kept
11,Kept
11,Kept
11,Kept
11,Kept
11,Kept
11,Kept
11,Kept
11,Kept
11,Kept
11,Kept
11,Kept
11,Kept
11,Kept
11,Kept
11,Kept
9,Kept
9,Kept
9,Kept
9,Kept
9,Kept
9,Kept
9,Kept
9,Kept
9,Kept
9,Kept
9,Kept
9,Kept
9,Kept
9,Kept
9,Kept
9,Kept
9,Kept
9,Kept
9,Kept
9,Kept
9,Kept
9,Kept
9,Kept
9,Kept
9,Kept
9,Kept
9,Kept
9,Kept
9,Kept
9,Kept
9,Kept
9,Kept
9,Kept
9,Kept
9,Kept
9,Kept
9,Kept
9,Kept
9,Kept
9,Kept
9,Kept
9,Kept
9,Kept
9,Kept
9,Kept
9,Kept
9,Kept
9,Kept
9,Kept
9,Kept
9,Kept
9,Kept
9,Kept
9,Kept
9,Kept
9,Kept
9,Kept
9,Kept
9,Kept
9,Kept
9,Kept
9,Kept
9,Kept
9,Kept
9,Kept
9,Kept
9,Kept
9,Kept
9,Kept
9,Kept
9,Kept
9,Kept
9,Kept
9,Kept
9,Kept
9,Kept
9,Kept
9,Kept
9,Kept
9,Kept
9,Kept
9,Kept
9,Kept
9,Kept
9,Kept
9,Kept
9,Kept
9,Kept
9,Kept
9,Kept
9,Kept
9,Kept
9,Kept
9,Kept
9,Kept
9,Kept
9,Kept
9,Kept
9,Kept
9,Kept
9,Kept
9,Kept
9,Kept
9,Kept
9,Kept
9,Kept
9,Kept
9,Kept
9,Kept
9,Kept
9,Kept
9,Kept
9,Kept
9,Kept
9,Kept
9,Kept
9,Kept
9,Kept
9,Kept
9,Kept
9,Kept
9,Kept
9,Kept
9,Kept
9,Kept
9,Kept
9,Kept
9,Kept
9,Kept
9,Kept
9,Kept
9,Kept
9,Kept
9,Kept
9,Kept
9,Kept
9,Kept
9,Kept
9,Kept
9,Kept
9,Kept
9,Kept
9,Kept
9,Kept
9,Kept
9,Kept
9,Kept
9,Kept
9,Kept
9,Kept
9,Kept
9,Kept
9,Kept
9,Kept
9,Kept
9,Kept
9,Kept
9,Kept
9,Kept
9,Kept
9,Kept
9,Kept
9,Kept
9,Kept
9,Kept
9,Kept
9,Kept
9,Kept
9,Kept
9,Kept
9,Kept
9,Kept
9,Kept
9,Kept
9,Kept
9,Kept
9,Kept
9,Kept
9,Kept
9,Kept
9,Kept
9,Kept
9,Kept
9,Kept
9,Kept
9,Kept
9,Kept
9,Kept
9,Kept
9,Kept
9,Kept
9,Kept
9,Kept
9,Kept
9,Kept
9,Kept
9,Kept
9,Kept
9,Kept
9,Kept
9,Kept
9,Kept
9,Kept
9,Kept
9,Kept
9,Kept
9,Kept
9,Kept
9,Kept
9,Kept
9,Kept
9,Kept
9,Kept
9,Kept
9,Kept
9,Kept
9,Kept
9,Kept
9,Kept
9,Kept
9,Kept
9,Kept
9,Kept
9,Kept
9,Kept
9,Kept
9,Kept
9,Kept
9,Kept
9,Kept
9,Kept
9,Kept
9,Kept
9,Kept
9,Kept
9,Kept
9,Kept
9,Kept
9,Kept
9,Kept
9,Kept
9,Kept
9,Kept
9,Kept
9,Kept
9,Kept
9,Kept
9,Kept
9,Kept
9,Kept
9,Kept
9,Kept
9,Kept
9,Kept
9,Kept
9,Kept
9,Kept
9,Kept
9,Kept
9,Kept
9,Kept
9,Kept
9,Kept
9,Kept
9,Kept
9,Kept
9,Kept
9,Kept
9,Kept
9,Kept
9,Kept
9,Kept
9,Kept
10,Kept
10,Kept
10,Kept
10,Kept
10,Kept
10,Kept
10,Kept
10,Kept
10,Kept
10,Kept
10,Kept
10,Kept
10,Kept
10,Kept
10,Kept
10,Kept
10,Kept
10,Kept
10,Kept
10,Kept
10,Kept
10,Kept
10,Kept
10,Kept
10,Kept
10,Kept
10,Kept
10,Kept
10,Kept
10,Kept
10,Kept
10,Kept
10,Kept
10,Kept
10,Kept
10,Kept
10,Kept
10,Kept
10,Kept
10,Kept
10,Kept
10,Kept
10,Kept
10,Kept
10,Kept
10,Kept
10,Kept
10,Kept
10,Kept
10,Kept
10,Kept
10,Kept
10,Kept
10,Kept
10,Kept
10,Kept
10,Kept
10,Kept
10,Kept
10,Kept
10,Kept
10,Kept
10,Kept
10,Kept
10,Kept
10,Kept
10,Kept
10,Kept
10,Kept
10,Kept
10,Kept
10,Kept
10,Kept
10,Kept
10,Kept
10,Kept
10,Kept
10,Kept
10,Kept
10,Kept
10,Kept
10,Kept
10,Kept
10,Kept
10,Kept
10,Kept
10,Kept
10,Kept
10,Kept
10,Kept
10,Kept
10,Kept
10,Kept
10,Kept
10,Kept
10,Kept
10,Kept
10,Kept
10,Kept
10,Kept
10,Kept
10,Kept
10,Kept
10,Kept
10,Kept
10,Kept
10,Kept
10,Kept
10,Kept
10,Kept
10,Kept
10,Kept
10,Kept
10,Kept
10,Kept
10,Kept
10,Kept
10,Kept
10,Kept
10,Kept
10,Kept
10,Kept
10,Kept
10,Kept
10,Kept
10,Kept
10,Kept
10,Kept
10,Kept
10,Kept
10,Kept
10,Kept
10,Kept
10,Kept
10,Kept
10,Kept
10,Kept
10,Kept
10,Kept
10,Kept
10,Kept
10,Kept
10,Kept
10,Kept
10,Kept
10,Kept
10,Kept
10,Kept
10,Kept
10,Kept
10,Kept
10,Kept
10,Kept
10,Kept
10,Kept
10,Kept
10,Kept
10,Kept
10,Kept
10,Kept
10,Kept
10,Kept
10,Kept
10,Kept
10,Kept
10,Kept
10,Kept
10,Kept
10,Kept
10,Kept
10,Kept
10,Kept
10,Kept
10,Kept
10,Kept
10,Kept
10,Kept
10,Kept
10,Kept
10,Kept
10,Kept
10,Kept
10,Kept
10,Kept
10,Kept
10,Kept
10,Kept
10,Kept
10,Kept
10,Kept
10,Kept
10,Kept
10,Kept
10,Kept
10,Kept
10,Kept
10,Kept
10,Kept
10,Kept
10,Kept
10,Kept
10,Kept
10,Kept
10,Kept
10,Kept
10,Kept
10,Kept
10,Kept
10,Kept
10,Kept
10,Kept
10,Kept
10,Kept
10,Kept
10,Kept
10,Kept
10,Kept
10,Kept
10,Kept
10,Kept
10,Kept
10,Kept
10,Kept
10,Kept
10,Kept
10,Kept
10,Kept
10,Kept
10,Kept
10,Kept
10,Kept
10,Kept
10,Kept
10,Kept
10,Kept
10,Kept
10,Kept
10,Kept
10,Kept
10,Kept
10,Kept
10,Kept
10,Kept
10,Kept
10,Kept
10,Kept
10,Kept
10,Kept
10,Kept
10,Kept
10,Kept
10,Kept
10,Kept
10,Kept
10,Kept
10,Kept
10,Kept
10,Kept
10,Kept
10,Kept
10,Kept
10,Kept
10,Kept
10,Kept
10,Kept
10,Kept
10,Kept
10,Kept
10,Kept
10,Kept
10,Kept
10,Kept
10,Kept
10,Kept
10,Kept
10,Kept
10,Kept
10,Kept
10,Kept
10,Kept
10,Kept
10,Kept
10,Kept
10,Kept
10,Kept
10,Kept
10,Kept
10,Kept
10,Kept
10,Kept
10,Kept
10,Kept
10,Kept
10,Kept
10,Kept
10,Kept
10,Kept
10,Kept
10,Kept
10,Kept
10,Kept
10,Kept
5,Kept
5,Kept
5,Kept
5,Kept
5,Kept
5,Kept
5,Kept
5,Kept
5,Kept
5,Kept
5,Kept
5,Kept
5,Kept
5,Kept
5,Kept
5,Kept
5,Kept
5,Kept
5,Kept
5,Kept
5,Kept
5,Kept
5,Kept
5,Kept
5,Kept
5,Kept
5,Kept
5,Kept
5,Kept
5,Kept
5,Kept
5,Kept
5,Kept
5,Kept
5,Kept
5,Kept
5,Kept
5,Kept
5,Kept
5,Kept
5,Kept
5,Kept
5,Kept
5,Kept
5,Kept
5,Kept
5,Kept
5,Kept
5,Kept
5,Kept
5,Kept
5,Kept
5,Kept
5,Kept
5,Kept
5,Kept
5,Kept
5,Kept
5,Kept
5,Kept
5,Kept
5,Kept
5,Kept
5,Kept
5,Kept
5,Kept
5,Kept
5,Kept
5,Kept
5,Kept
5,Kept
5,Kept
5,Kept
5,Kept
5,Kept
5,Kept
5,Kept
5,Kept
5,Kept
5,Kept
5,Kept
5,Kept
5,Kept
5,Kept
5,Kept
5,Kept
5,Kept
5,Kept
5,Kept
5,Kept
5,Kept
5,Kept
5,Kept
5,Kept
5,Kept
5,Kept
5,Kept
5,Kept
5,Kept
5,Kept
5,Kept
5,Kept
5,Kept
5,Kept
5,Kept
5,Kept
5,Kept
5,Kept
5,Kept
5,Kept
5,Kept
5,Kept
5,Kept
5,Kept
5,Kept
5,Kept
5,Kept
5,Kept
5,Kept
5,Kept
5,Kept
5,Kept
5,Kept
5,Kept
5,Kept
5,Kept
5,Kept
5,Kept
5,Kept
5,Kept
5,Kept
5,Kept
5,Kept
5,Kept
5,Kept
5,Kept
5,Kept
5,Kept
5,Kept
5,Kept
5,Kept
5,Kept
5,Kept
5,Kept
5,Kept
5,Kept
5,Kept
5,Kept
5,Kept
5,Kept
5,Kept
5,Kept
5,Kept
5,Kept
5,Kept
5,Kept
5,Kept
5,Kept
5,Kept
5,Kept
5,Kept
5,Kept
5,Kept
5,Kept
5,Kept
5,Kept
5,Kept
5,Kept
5,Kept
5,Kept
5,Kept
5,Kept
5,Kept
5,Kept
5,Kept
5,Kept
5,Kept
5,Kept
5,Kept
5,Kept
5,Kept
5,Kept
5,Kept
5,Kept
5,Kept
5,Kept
5,Kept
5,Kept
5,Kept
5,Kept
5,Kept
5,Kept
5,Kept
5,Kept
5,Kept
5,Kept
5,Kept
5,Kept
5,Kept
5,Kept
5,Kept
5,Kept
5,Kept
5,Kept
5,Kept
5,Kept
5,Kept
5,Kept
5,Kept
5,Kept
5,Kept
5,Kept
5,Kept
5,Kept
5,Kept
5,Kept
5,Kept
5,Kept
5,Kept
5,Kept
5,Kept
5,Kept
5,Kept
5,Kept
5,Kept
5,Kept
5,Kept
5,Kept
5,Kept
5,Kept
5,Kept
5,Kept
5,Kept
5,Kept
5,Kept
5,Kept
5,Kept
5,Kept
5,Kept
5,Kept
5,Kept
5,Kept
5,Kept
5,Kept
5,Kept
5,Kept
5,Kept
5,Kept
5,Kept
5,Kept
5,Kept
5,Kept
5,Kept
5,Kept
5,Kept
5,Kept
5,Kept
5,Kept
5,Kept
5,Kept
5,Kept
5,Kept
5,Kept
5,Kept
5,Kept
5,Kept
5,Kept
5,Kept
5,Kept
5,Kept
5,Kept
5,Kept
5,Kept
5,Kept
5,Kept
5,Kept
5,Kept
5,Kept
5,Kept
5,Kept
5,Kept
5,Kept
5,Kept
5,Kept
5,Kept
5,Kept
5,Kept
5,Kept
5,Kept
5,Kept
5,Kept
5,Kept
5,Kept
5,Kept
5,Kept
5,Kept
5,Kept
5,Kept
5,Kept
5,Kept
5,Kept
5,Kept
5,Kept
5,Kept
5,Kept
5,Kept
5,Kept
5,Kept
5,Kept
5,Kept
5,Kept
5,Kept
5,Kept
5,Kept
5,Kept
5,Kept
5,Kept
5,Kept
5,Kept
5,Kept
5,Kept
5,Kept
5,Kept
5,Kept
5,Kept
5,Kept
5,Kept
5,Kept
5,Kept
5,Kept
5,Kept
5,Kept
5,Kept
5,Kept
5,Kept
5,Kept
5,Kept
5,Kept
5,Kept
5,Kept
5,Kept
5,Kept
5,Kept
5,Kept
5,Kept
5,Kept
5,Kept
5,Kept
5,Kept
5,Kept
5,Kept
5,Kept
5,Kept
5,Kept
5,Kept
5,Kept
5,Kept
5,Kept
5,Kept
5,Kept
5,Kept
5,Kept
5,Kept
5,Kept
5,Kept
5,Kept
5,Kept
5,Kept
5,Kept
5,Kept
5,Kept
5,Kept
5,Kept
5,Kept
5,Kept
5,Kept
5,Kept
5,Kept
5,Kept
5,Kept
5,Kept
5,Kept
5,Kept
5,Kept
5,Kept
5,Kept
5,Kept
5,Kept
5,Kept
5,Kept
5,Kept
5,Kept
5,Kept
5,Kept
5,Kept
5,Kept
5,Kept
5,Kept
5,Kept
5,Kept
5,Kept
5,Kept
5,Kept
5,Kept
5,Kept
5,Kept
5,Kept
5,Kept
5,Kept
5,Kept
5,Kept
5,Kept
5,Kept
5,Kept
5,Kept
5,Kept
5,Kept
5,Kept
5,Kept
5,Kept
5,Kept
5,Kept
5,Kept
5,Kept
5,Kept
5,Kept
5,Kept
5,Kept
5,Kept
5,Kept
5,Kept
5,Kept
5,Kept
5,Kept
5,Kept
5,Kept
5,Kept
5,Kept
5,Kept
5,Kept
5,Kept
5,Kept
5,Kept
5,Kept
5,Kept
5,Kept
5,Kept
5,Kept
5,Kept
5,Kept
5,Kept
5,Kept
5,Kept
5,Kept
5,Kept
5,Kept
5,Kept
5,Kept
5,Kept
1,Kept
1,Kept
1,Kept
1,Kept
1,Kept
1,Kept
1,Kept
1,Kept
1,Kept
1,Kept
1,Kept
1,Kept
1,Kept
1,Kept
1,Kept
1,Kept
1,Kept
1,Kept
1,Kept
1,Kept
1,Kept
1,Kept
1,Kept
1,Kept
1,Kept
1,Kept
1,Kept
1,Kept
1,Kept
1,Kept
1,Kept
1,Kept
1,Kept
1,Kept
1,Kept
1,Kept
1,Kept
1,Kept
1,Kept
1,Kept
1,Kept
1,Kept
1,Kept
1,Kept
1,Kept
1,Kept
1,Kept
1,Kept
1,Kept
1,Kept
1,Kept
1,Kept
1,Kept
1,Kept
1,Kept
1,Kept
1,Kept
1,Kept
1,Kept
1,Kept
1,Kept
1,Kept
1,Kept
1,Kept
1,Kept
1,Kept
1,Kept
1,Kept
1,Kept
1,Kept
1,Kept
1,Kept
1,Kept
1,Kept
1,Kept
1,Kept
1,Kept
1,Kept
1,Kept
1,Kept
1,Kept
1,Kept
1,Kept
1,Kept
1,Kept
1,Kept
1,Kept
1,Kept
1,Kept
1,Kept
1,Kept
1,Kept
1,Kept
1,Kept
1,Kept
1,Kept
1,Kept
1,Kept
1,Kept
1,Kept
1,Kept
1,Kept
1,Kept
1,Kept
1,Kept
1,Kept
1,Kept
1,Kept
1,Kept
1,Kept
1,Kept
1,Kept
1,Kept
1,Kept
1,Kept
1,Kept
1,Kept
1,Kept
1,Kept
1,Kept
1,Kept
1,Kept
1,Kept
1,Kept
1,Kept
1,Kept
1,Kept
1,Kept
1,Kept
1,Kept
1,Kept
1,Kept
1,Kept
1,Kept
1,Kept
1,Kept
1,Kept
1,Kept
1,Kept
1,Kept
1,Kept
1,Kept
1,Kept
1,Kept
1,Kept
1,Kept
1,Kept
1,Kept
1,Kept
1,Kept
1,Kept
1,Kept
1,Kept
1,Kept
1,Kept
1,Kept
1,Kept
1,Kept
1,Kept
1,Kept
1,Kept
1,Kept
1,Kept
1,Kept
1,Kept
1,Kept
1,Kept
1,Kept
1,Kept
1,Kept
1,Kept
1,Kept
1,Kept
1,Kept
1,Kept
1,Kept
1,Kept
1,Kept
1,Kept
1,Kept
1,Kept
1,Kept
1,Kept
1,Kept
1,Kept
1,Kept
1,Kept
1,Kept
1,Kept
1,Kept
1,Kept
1,Kept
1,Kept
1,Kept
1,Kept
1,Kept
1,Kept
1,Kept
1,Kept
1,Kept
1,Kept
1,Kept
1,Kept
1,Kept
1,Kept
1,Kept
1,Kept
1,Kept
1,Kept
1,Kept
1,Kept
1,Kept
1,Kept
1,Kept
1,Kept
1,Kept
1,Kept
1,Kept
1,Kept
1,Kept
1,Kept
1,Kept
1,Kept
1,Kept
1,Kept
1,Kept
1,Kept
1,Kept
1,Kept
1,Kept
1,Kept
1,Kept
1,Kept
1,Kept
1,Kept
1,Kept
1,Kept
1,Kept
1,Kept
1,Kept
1,Kept
1,Kept
1,Kept
1,Kept
1,Kept
1,Kept
1,Kept
1,Kept
1,Kept
1,Kept
1,Kept
1,Kept
1,Kept
1,Kept
1,Kept
1,Kept
1,Kept
1,Kept
1,Kept
1,Kept
1,Kept
1,Kept
1,Kept
1,Kept
1,Kept
1,Kept
1,Kept
1,Kept
1,Kept
1,Kept
1,Kept
1,Kept
1,Kept
1,Kept
1,Kept
1,Kept
1,Kept
1,Kept
1,Kept
1,Kept
1,Kept
1,Kept
1,Kept
1,Kept
1,Kept
1,Kept
1,Kept
1,Kept
1,Kept
1,Kept
1,Kept
1,Kept
1,Kept
1,Kept
1,Kept
1,Kept
1,Kept
1,Kept
1,Kept
1,Kept
1,Kept
1,Kept
1,Kept
1,Kept
1,Kept
1,Kept
1,Kept
1,Kept
1,Kept
1,Kept
1,Kept
1,Kept
1,Kept
1,Kept
1,Kept
1,Kept
1,Kept
1,Kept
1,Kept
1,Kept
1,Kept
1,Kept
1,Kept
1,Kept
1,Kept
1,Kept
1,Kept
1,Kept
1,Kept
1,Kept
1,Kept
1,Kept
1,Kept
1,Kept
1,Kept
1,Kept
1,Kept
1,Kept
1,Kept
1,Kept
1,Kept
1,Kept
1,Kept
1,Kept
1,Kept
1,Kept
1,Kept
1,Kept
1,Kept
1,Kept
1,Kept
1,Kept
1,Kept
1,Kept
1,Kept
1,Kept
1,Kept
1,Kept
1,Kept
1,Kept
1,Kept
1,Kept
1,Kept
1,Kept
1,Kept
1,Kept
1,Kept
1,Kept
1,Kept
1,Kept
1,Kept
1,Kept
1,Kept
1,Kept
1,Kept
1,Kept
1,Kept
1,Kept
1,Kept
1,Kept
1,Kept
1,Kept
1,Kept
1,Kept
1,Kept
1,Kept
1,Kept
1,Kept
1,Kept
1,Kept
1,Kept
1,Kept
1,Kept
1,Kept
1,Kept
1,Kept
1,Kept
1,Kept
1,Kept
1,Kept
1,Kept
1,Kept
1,Kept
1,Kept
1,Kept
1,Kept
1,Kept
1,Kept
1,Kept
1,Kept
1,Kept
1,Kept
1,Kept
1,Kept
1,Kept
1,Kept
1,Kept
1,Kept
1,Kept
1,Kept
1,Kept
1,Kept
1,Kept
1,Kept
1,Kept
1,Kept
1,Kept
1,Kept
1,Kept
1,Kept
1,Kept
1,Kept
1,Kept
1,Kept
1,Kept
1,Kept
1,Kept
1,Kept
1,Kept
1,Kept
1,Kept
1,Kept
1,Kept
1,Kept
1,Kept
1,Kept
1,Kept
1,Kept
1,Kept
1,Kept
1,Kept
1,Kept
1,Kept
1,Kept
1,Kept
1,Kept
1,Kept
1,Kept
1,Kept
1,Kept
1,Kept
1,Kept
1,Kept
1,Kept
1,Kept
1,Kept
1,Kept
1,Kept
1,Kept
1,Kept
1,Kept
1,Kept
1,Kept
1,Kept
1,Kept
1,Kept
1,Kept
1,Kept
1,Kept
1,Kept
1,Kept
1,Kept
1,Kept
1,Kept
1,Kept
1,Kept
1,Kept
1,Kept
1,Kept
1,Kept
1,Kept
1,Kept
1,Kept
1,Kept
1,Kept
1,Kept
1,Kept
1,Kept
1,Kept
1,Kept
1,Kept
1,Kept
1,Kept
1,Kept
1,Kept
1,Kept
1,Kept
1,Kept
1,Kept
1,Kept
1,Kept
1,Kept
1,Kept
1,Kept
7,Kept
7,Kept
7,Kept
7,Kept
7,Kept
7,Kept
7,Kept
7,Kept
7,Kept
7,Kept
7,Kept
7,Kept
7,Kept
7,Kept
7,Kept
7,Kept
7,Kept
7,Kept
7,Kept
7,Kept
7,Kept
7,Kept
7,Kept
7,Kept
7,Kept
7,Kept
7,Kept
7,Kept
7,Kept
7,Kept
7,Kept
7,Kept
7,Kept
7,Kept
7,Kept
7,Kept
7,Kept
7,Kept
7,Kept
7,Kept
7,Kept
7,Kept
7,Kept
7,Kept
7,Kept
7,Kept
7,Kept
7,Kept
7,Kept
7,Kept
7,Kept
7,Kept
7,Kept
7,Kept
7,Kept
7,Kept
7,Kept
7,Kept
7,Kept
7,Kept
7,Kept
7,Kept
7,Kept
7,Kept
7,Kept
7,Kept
7,Kept
7,Kept
7,Kept
7,Kept
7,Kept
7,Kept
7,Kept
7,Kept
7,Kept
7,Kept
7,Kept
7,Kept
7,Kept
7,Kept
7,Kept
7,Kept
7,Kept
7,Kept
7,Kept
7,Kept
7,Kept
7,Kept
7,Kept
7,Kept
7,Kept
7,Kept
7,Kept
7,Kept
7,Kept
7,Kept
7,Kept
7,Kept
7,Kept
7,Kept
7,Kept
7,Kept
7,Kept
7,Kept
7,Kept
7,Kept
7,Kept
7,Kept
7,Kept
7,Kept
7,Kept
7,Kept
7,Kept
7,Kept
7,Kept
7,Kept
7,Kept
7,Kept
7,Kept
7,Kept
7,Kept
7,Kept
7,Kept
7,Kept
7,Kept
7,Kept
7,Kept
7,Kept
7,Kept
7,Kept
7,Kept
7,Kept
7,Kept
7,Kept
7,Kept
7,Kept
7,Kept
7,Kept
7,Kept
7,Kept
7,Kept
7,Kept
7,Kept
7,Kept
7,Kept
7,Kept
7,Kept
7,Kept
7,Kept
7,Kept
7,Kept
7,Kept
7,Kept
7,Kept
7,Kept
7,Kept
7,Kept
7,Kept
7,Kept
7,Kept
7,Kept
7,Kept
7,Kept
7,Kept
7,Kept
7,Kept
7,Kept
7,Kept
7,Kept
7,Kept
7,Kept
7,Kept
7,Kept
7,Kept
7,Kept
7,Kept
7,Kept
7,Kept
7,Kept
7,Kept
7,Kept
7,Kept
7,Kept
7,Kept
7,Kept
7,Kept
7,Kept
7,Kept
7,Kept
7,Kept
7,Kept
7,Kept
7,Kept
7,Kept
7,Kept
7,Kept
7,Kept
7,Kept
7,Kept
7,Kept
7,Kept
7,Kept
7,Kept
7,Kept
7,Kept
7,Kept
7,Kept
7,Kept
7,Kept
7,Kept
7,Kept
7,Kept
7,Kept
7,Kept
7,Kept
7,Kept
7,Kept
7,Kept
7,Kept
7,Kept
7,Kept
7,Kept
7,Kept
7,Kept
7,Kept
7,Kept
7,Kept
7,Kept
7,Kept
7,Kept
7,Kept
7,Kept
7,Kept
7,Kept
7,Kept
7,Kept
7,Kept
7,Kept
7,Kept
7,Kept
7,Kept
7,Kept
7,Kept
7,Kept
7,Kept
7,Kept
7,Kept
7,Kept
7,Kept
7,Kept
7,Kept
7,Kept
7,Kept
7,Kept
7,Kept
7,Kept
7,Kept
7,Kept
7,Kept
7,Kept
7,Kept
7,Kept
7,Kept
7,Kept
7,Kept
7,Kept
7,Kept
7,Kept
7,Kept
7,Kept
7,Kept
7,Kept
7,Kept
7,Kept
7,Kept
7,Kept
7,Kept
7,Kept
7,Kept
7,Kept
7,Kept
7,Kept
7,Kept
7,Kept
7,Kept
7,Kept
7,Kept
7,Kept
7,Kept
7,Kept
7,Kept
7,Kept
7,Kept
7,Kept
7,Kept
7,Kept
7,Kept
7,Kept
7,Kept
7,Kept
7,Kept
7,Kept
7,Kept
7,Kept
7,Kept
7,Kept
7,Kept
7,Kept
7,Kept
7,Kept
7,Kept
7,Kept
7,Kept
7,Kept
7,Kept
7,Kept
7,Kept
7,Kept
7,Kept
7,Kept
7,Kept
7,Kept
7,Kept
7,Kept
7,Kept
7,Kept
7,Kept
7,Kept
7,Kept
7,Kept
7,Kept
7,Kept
7,Kept
7,Kept
7,Kept
7,Kept
7,Kept
7,Kept
7,Kept
7,Kept
7,Kept
7,Kept
7,Kept
7,Kept
7,Kept
7,Kept
7,Kept
7,Kept
7,Kept
7,Kept
7,Kept
7,Kept
7,Kept
7,Kept
7,Kept
7,Kept
7,Kept
7,Kept
7,Kept
7,Kept
7,Kept
7,Kept
7,Kept
7,Kept
7,Kept
7,Kept
7,Kept
7,Kept
7,Kept
7,Kept
7,Kept
7,Kept
7,Kept
7,Kept
7,Kept
7,Kept
7,Kept
7,Kept
7,Kept
7,Kept
7,Kept
7,Kept
7,Kept
7,Kept
7,Kept
7,Kept
7,Kept
7,Kept
7,Kept
7,Kept
7,Kept
7,Kept
7,Kept
7,Kept
7,Kept
7,Kept
7,Kept
7,Kept
7,Kept
7,Kept
7,Kept
7,Kept
7,Kept
7,Kept
7,Kept
7,Kept
7,Kept
7,Kept
7,Kept
7,Kept
7,Kept
7,Kept
7,Kept
7,Kept
7,Kept
7,Kept
7,Kept
7,Kept
7,Kept
7,Kept
7,Kept
7,Kept
7,Kept
7,Kept
7,Kept
7,Kept
7,Kept
7,Kept
7,Kept
7,Kept
7,Kept
7,Kept
7,Kept
7,Kept
7,Kept
7,Kept
7,Kept
7,Kept
7,Kept
7,Kept
7,Kept
7,Kept
7,Kept
7,Kept
7,Kept
7,Kept
7,Kept
7,Kept
7,Kept
7,Kept
7,Kept
7,Kept
7,Kept
7,Kept
7,Kept
7,Kept
7,Kept
7,Kept
7,Kept
7,Kept
7,Kept
7,Kept
7,Kept
7,Kept
7,Kept
7,Kept
7,Kept
7,Kept
7,Kept
7,Kept
7,Kept
7,Kept
7,Kept
7,Kept
7,Kept
7,Kept
7,Kept
7,Kept
7,Kept
7,Kept
7,Kept
7,Kept
7,Kept
7,Kept
7,Kept
7,Kept
7,Kept
7,Kept
7,Kept
7,Kept
7,Kept
7,Kept
7,Kept
7,Kept
7,Kept
7,Kept
7,Kept
7,Kept
7,Kept
7,Kept
7,Kept
7,Kept
7,Kept
7,Kept
7,Kept
7,Kept
7,Kept
7,Kept
7,Kept
7,Kept
7,Kept
7,Kept
7,Kept
7,Kept
7,Kept
7,Kept
7,Kept
7,Kept
7,Kept
7,Kept
7,Kept
7,Kept
7,Kept
7,Kept
7,Kept
7,Kept
7,Kept
7,Kept
7,Kept
7,Kept
7,Kept
7,Kept
7,Kept
7,Kept
7,Kept
7,Kept
7,Kept
7,Kept
7,Kept
7,Kept
7,Kept
7,Kept
7,Kept
7,Kept
7,Kept
7,Kept
7,Kept
7,Kept
7,Kept
7,Kept
7,Kept
7,Kept
7,Kept
7,Kept
7,Kept
7,Kept
7,Kept
7,Kept
7,Kept
7,Kept
7,Kept
7,Kept
7,Kept
0,Kept
0,Kept
0,Kept
0,Kept
0,Kept
0,Kept
0,Kept
0,Kept
0,Kept
0,Kept
0,Kept
0,Kept
0,Kept
0,Kept
0,Kept
0,Kept
0,Kept
0,Kept
0,Kept
0,Kept
0,Kept
0,Kept
0,Kept
0,Kept
0,Kept
0,Kept
0,Kept
0,Kept
0,Kept
0,Kept
0,Kept
0,Kept
0,Kept
0,Kept
0,Kept
0,Kept
0,Kept
0,Kept
0,Kept
0,Kept
0,Kept
0,Kept
0,Kept
0,Kept
0,Kept
0,Kept
0,Kept
0,Kept
0,Kept
0,Kept
0,Kept
0,Kept
0,Kept
0,Kept
0,Kept
0,Kept
0,Kept
0,Kept
0,Kept
0,Kept
0,Kept
0,Kept
0,Kept
0,Kept
0,Kept
0,Kept
0,Kept
0,Kept
0,Kept
0,Kept
0,Kept
0,Kept
0,Kept
0,Kept
0,Kept
0,Kept
0,Kept
0,Kept
0,Kept
0,Kept
0,Kept
0,Kept
0,Kept
0,Kept
0,Kept
0,Kept
0,Kept
0,Kept
0,Kept
0,Kept
0,Kept
0,Kept
0,Kept
0,Kept
0,Kept
0,Kept
0,Kept
0,Kept
0,Kept
0,Kept
0,Kept
0,Kept
0,Kept
0,Kept
0,Kept
0,Kept
0,Kept
0,Kept
0,Kept
0,Kept
0,Kept
0,Kept
0,Kept
0,Kept
0,Kept
0,Kept
0,Kept
0,Kept
0,Kept
0,Kept
0,Kept
0,Kept
0,Kept
0,Kept
0,Kept
0,Kept
0,Kept
0,Kept
0,Kept
0,Kept
0,Kept
0,Kept
0,Kept
0,Kept
0,Kept
0,Kept
0,Kept
0,Kept
0,Kept
0,Kept
0,Kept
0,Kept
0,Kept
0,Kept
0,Kept
0,Kept
0,Kept
0,Kept
0,Kept
0,Kept
0,Kept
0,Kept
0,Kept
0,Kept
0,Kept
0,Kept
0,Kept
0,Kept
0,Kept
0,Kept
0,Kept
0,Kept
0,Kept
0,Kept
0,Kept
0,Kept
0,Kept
0,Kept
0,Kept
0,Kept
0,Kept
0,Kept
0,Kept
0,Kept
0,Kept
0,Kept
0,Kept
0,Kept
0,Kept
0,Kept
0,Kept
0,Kept
0,Kept
0,Kept
0,Kept
0,Kept
0,Kept
0,Kept
0,Kept
0,Kept
0,Kept
0,Kept
0,Kept
0,Kept
0,Kept
0,Kept
0,Kept
0,Kept
0,Kept
0,Kept
0,Kept
0,Kept
0,Kept
0,Kept
0,Kept
0,Kept
0,Kept
0,Kept
0,Kept
0,Kept
0,Kept
0,Kept
0,Kept
0,Kept
0,Kept
0,Kept
0,Kept
0,Kept
0,Kept
0,Kept
0,Kept
0,Kept
0,Kept
0,Kept
0,Kept
0,Kept
0,Kept
0,Kept
0,Kept
0,Kept
0,Kept
0,Kept
0,Kept
0,Kept
0,Kept
0,Kept
0,Kept
0,Kept
0,Kept
0,Kept
0,Kept
0,Kept
0,Kept
0,Kept
0,Kept
0,Kept
0,Kept
0,Kept
0,Kept
0,Kept
0,Kept
0,Kept
0,Kept
0,Kept
0,Kept
0,Kept
0,Kept
0,Kept
0,Kept
0,Kept
0,Kept
0,Kept
0,Kept
0,Kept
0,Kept
0,Kept
0,Kept
0,Kept
0,Kept
0,Kept
0,Kept
0,Kept
0,Kept
0,Kept
0,Kept
0,Kept
0,Kept
0,Kept
0,Kept
0,Kept
0,Kept
0,Kept
0,Kept
0,Kept
0,Kept
0,Kept
0,Kept
0,Kept
0,Kept
0,Kept
0,Kept
0,Kept
0,Kept
0,Kept
0,Kept
0,Kept
0,Kept
0,Kept
0,Kept
0,Kept
0,Kept
0,Kept
0,Kept
0,Kept
0,Kept
0,Kept
0,Kept
0,Kept
0,Kept
0,Kept
0,Kept
0,Kept
0,Kept
0,Kept
0,Kept
0,Kept
0,Kept
0,Kept
0,Kept
0,Kept
0,Kept
0,Kept
0,Kept
0,Kept
0,Kept
0,Kept
0,Kept
0,Kept
0,Kept
0,Kept
0,Kept
0,Kept
0,Kept
0,Kept
0,Kept
0,Kept
0,Kept
0,Kept
0,Kept
0,Kept
0,Kept
0,Kept
0,Kept
0,Kept
0,Kept
0,Kept
0,Kept
0,Kept
0,Kept
0,Kept
0,Kept
0,Kept
0,Kept
0,Kept
0,Kept
0,Kept
0,Kept
0,Kept
0,Kept
0,Kept
0,Kept
0,Kept
0,Kept
0,Kept
0,Kept
0,Kept
0,Kept
0,Kept
0,Kept
0,Kept
0,Kept
0,Kept
0,Kept
0,Kept
0,Kept
0,Kept
0,Kept
0,Kept
0,Kept
0,Kept
0,Kept
0,Kept
0,Kept
0,Kept
0,Kept
0,Kept
0,Kept
0,Kept
0,Kept
0,Kept
0,Kept
0,Kept
0,Kept
0,Kept
0,Kept
0,Kept
0,Kept
0,Kept
0,Kept
0,Kept
0,Kept
0,Kept
0,Kept
0,Kept
0,Kept
0,Kept
0,Kept
0,Kept
0,Kept
0,Kept
0,Kept
0,Kept
0,Kept
0,Kept
0,Kept
0,Kept
0,Kept
0,Kept
0,Kept
0,Kept
0,Kept
0,Kept
0,Kept
0,Kept
0,Kept
0,Kept
0,Kept
0,Kept
0,Kept
0,Kept
0,Kept
0,Kept
0,Kept
0,Kept
0,Kept
0,Kept
0,Kept
0,Kept
0,Kept
0,Kept
0,Kept
0,Kept
0,Kept
0,Kept
0,Kept
0,Kept
0,Kept
0,Kept
0,Kept
0,Kept
0,Kept
0,Kept
0,Kept
0,Kept
0,Kept
0,Kept
0,Kept
0,Kept
0,Kept
0,Kept
0,Kept
0,Kept
0,Kept
0,Kept
0,Kept
0,Kept
0,Kept
0,Kept
0,Kept
0,Kept
0,Kept
0,Kept
0,Kept
0,Kept
0,Kept
0,Kept
0,Kept
0,Kept
0,Kept
0,Kept
0,Kept
0,Kept
0,Kept
0,Kept
0,Kept
0,Kept
0,Kept
0,Kept
0,Kept
0,Kept
0,Kept
0,Kept
0,Kept
0,Kept
0,Kept
0,Kept
0,Kept
0,Kept
0,Kept
0,Kept
0,Kept
0,Kept
0,Kept
0,Kept
0,Kept
0,Kept
0,Kept
0,Kept
0,Kept
0,Kept
0,Kept
0,Kept
0,Kept
0,Kept
0,Kept
0,Kept
0,Kept
0,Kept
0,Kept
0,Kept
0,Kept
0,Kept
0,Kept
0,Kept
0,Kept
0,Kept
0,Kept
0,Kept
0,Kept
0,Kept
0,Kept
0,Kept
0,Kept
0,Kept
0,Kept
0,Kept
0,Kept
0,Kept
0,Kept
0,Kept
0,Kept
0,Kept
0,Kept
0,Kept
0,Kept
0,Kept
0,Kept
0,Kept
0,Kept
0,Kept
0,Kept
0,Kept
0,Kept
0,Kept
0,Kept
0,Kept
0,Kept
0,Kept
0,Kept
0,Kept
0,Kept
0,Kept
0,Kept
0,Kept
0,Kept
0,Kept
0,Kept
0,Kept
0,Kept
0,Kept
0,Kept
0,Kept
0,Kept
0,Kept
0,Kept
0,Kept
0,Kept
0,Kept
0,Kept
0,Kept
0,Kept
0,Kept
0,Kept
0,Kept
0,Kept
0,Kept
0,Kept
0,Kept
0,Kept
0,Kept
0,Kept
0,Kept
0,Kept
0,Kept
0,Kept
0,Kept
0,Kept
0,Kept
0,Kept
0,Kept
0,Kept
0,Kept
0,Kept
0,Kept
0,Kept
0,Kept
0,Kept
0,Kept
0,Kept
0,Kept
0,Kept
0,Kept
0,Kept
0,Kept
0,Kept
0,Kept
0,Kept
0,Kept
0,Kept
0,Kept
0,Kept
0,Kept
0,Kept
0,Kept
0,Kept
8,Kept
8,Kept
8,Kept
8,Kept
8,Kept
8,Kept
8,Kept
8,Kept
8,Kept
8,Kept
8,Kept
8,Kept
8,Kept
8,Kept
8,Kept
8,Kept
8,Kept
8,Kept
8,Kept
8,Kept
8,Kept
8,Kept
8,Kept
8,Kept
8,Kept
8,Kept
8,Kept
8,Kept
8,Kept
8,Kept
8,Kept
8,Kept
8,Kept
8,Kept
8,Kept
8,Kept
8,Kept
8,Kept
8,Kept
8,Kept
8,Kept
8,Kept
8,Kept
8,Kept
8,Kept
8,Kept
8,Kept
8,Kept
8,Kept
8,Kept
8,Kept
8,Kept
8,Kept
8,Kept
8,Kept
8,Kept
8,Kept
8,Kept
8,Kept
8,Kept
8,Kept
8,Kept
8,Kept
8,Kept
8,Kept
8,Kept
8,Kept
8,Kept
8,Kept
8,Kept
8,Kept
8,Kept
8,Kept
8,Kept
8,Kept
8,Kept
8,Kept
8,Kept
8,Kept
8,Kept
8,Kept
8,Kept
8,Kept
8,Kept
8,Kept
8,Kept
8,Kept
8,Kept
8,Kept
8,Kept
8,Kept
8,Kept
8,Kept
8,Kept
8,Kept
8,Kept
8,Kept
8,Kept
8,Kept
8,Kept
8,Kept
8,Kept
8,Kept
8,Kept
8,Kept
8,Kept
8,Kept
8,Kept
8,Kept
8,Kept
8,Kept
8,Kept
8,Kept
8,Kept
8,Kept
8,Kept
8,Kept
8,Kept
8,Kept
8,Kept
8,Kept
8,Kept
8,Kept
8,Kept
8,Kept
8,Kept
8,Kept
8,Kept
8,Kept
8,Kept
8,Kept
8,Kept
8,Kept
8,Kept
8,Kept
8,Kept
8,Kept
8,Kept
8,Kept
8,Kept
8,Kept
8,Kept
8,Kept
8,Kept
8,Kept
8,Kept
8,Kept
8,Kept
8,Kept
8,Kept
8,Kept
8,Kept
8,Kept
8,Kept
8,Kept
8,Kept
8,Kept
8,Kept
8,Kept
8,Kept
8,Kept
8,Kept
8,Kept
8,Kept
8,Kept
8,Kept
8,Kept
8,Kept
8,Kept
8,Kept
8,Kept
8,Kept
8,Kept
8,Kept
8,Kept
8,Kept
8,Kept
8,Kept
8,Kept
8,Kept
8,Kept
8,Kept
8,Kept
8,Kept
8,Kept
8,Kept
8,Kept
8,Kept
8,Kept
8,Kept
8,Kept
8,Kept
8,Kept
8,Kept
8,Kept
8,Kept
8,Kept
8,Kept
8,Kept
8,Kept
8,Kept
8,Kept
8,Kept
8,Kept
8,Kept
8,Kept
8,Kept
8,Kept
8,Kept
8,Kept
8,Kept
8,Kept
8,Kept
8,Kept
8,Kept
8,Kept
8,Kept
8,Kept
8,Kept
8,Kept
8,Kept
8,Kept
8,Kept
8,Kept
8,Kept
8,Kept
8,Kept
8,Kept
8,Kept
8,Kept
8,Kept
8,Kept
8,Kept
8,Kept
8,Kept
8,Kept
8,Kept
8,Kept
8,Kept
8,Kept
8,Kept
8,Kept
8,Kept
8,Kept
8,Kept
8,Kept
8,Kept
8,Kept
8,Kept
8,Kept
8,Kept
8,Kept
8,Kept
8,Kept
8,Kept
8,Kept
8,Kept
8,Kept
8,Kept
8,Kept
8,Kept
8,Kept
8,Kept
8,Kept
8,Kept
8,Kept
8,Kept
8,Kept
8,Kept
8,Kept
8,Kept
8,Kept
8,Kept
8,Kept
8,Kept
8,Kept
8,Kept
8,Kept
8,Kept
8,Kept
8,Kept
8,Kept
8,Kept
8,Kept
8,Kept
8,Kept
8,Kept
8,Kept
8,Kept
8,Kept
8,Kept
8,Kept
8,Kept
8,Kept
8,Kept
8,Kept
8,Kept
8,Kept
8,Kept
8,Kept
8,Kept
8,Kept
8,Kept
8,Kept
8,Kept
8,Kept
8,Kept
8,Kept
8,Kept
8,Kept
8,Kept
8,Kept
8,Kept
8,Kept
8,Kept
8,Kept
8,Kept
8,Kept
8,Kept
8,Kept
8,Kept
8,Kept
8,Kept
8,Kept
8,Kept
8,Kept
8,Kept
8,Kept
8,Kept
8,Kept
8,Kept
8,Kept
8,Kept
8,Kept
8,Kept
8,Kept
8,Kept
8,Kept
8,Kept
8,Kept
8,Kept
8,Kept
8,Kept
8,Kept
8,Kept
8,Kept
8,Kept
8,Kept
8,Kept
8,Kept
8,Kept
8,Kept
8,Kept
8,Kept
8,Kept
8,Kept
8,Kept
8,Kept
8,Kept
8,Kept
8,Kept
8,Kept
8,Kept
8,Kept
8,Kept
8,Kept
8,Kept
8,Kept
8,Kept
8,Kept
8,Kept
8,Kept
8,Kept
8,Kept
8,Kept
8,Kept
8,Kept
8,Kept
8,Kept
8,Kept
8,Kept
8,Kept
8,Kept
8,Kept
8,Kept
8,Kept
8,Kept
8,Kept
8,Kept
8,Kept
8,Kept
8,Kept
8,Kept
8,Kept
8,Kept
8,Kept
8,Kept
8,Kept
8,Kept
8,Kept
8,Kept
8,Kept
8,Kept
8,Kept
8,Kept
8,Kept
8,Kept
8,Kept
8,Kept
8,Kept
8,Kept
8,Kept
8,Kept
8,Kept
8,Kept
8,Kept
8,Kept
8,Kept
8,Kept
8,Kept
8,Kept
8,Kept
8,Kept
8,Kept
8,Kept
8,Kept
8,Kept
8,Kept
8,Kept
8,Kept
8,Kept
8,Kept
8,Kept
8,Kept
8,Kept
8,Kept
8,Kept
8,Kept
8,Kept
8,Kept
8,Kept
8,Kept
8,Kept
8,Kept
8,Kept
8,Kept
8,Kept
8,Kept
8,Kept
8,Kept
8,Kept
8,Kept
8,Kept
8,Kept
8,Kept
8,Kept
8,Kept
8,Kept
8,Kept
8,Kept
8,Kept
8,Kept
8,Kept
8,Kept
8,Kept
8,Kept
8,Kept
8,Kept
8,Kept
8,Kept
8,Kept
8,Kept
8,Kept
8,Kept
8,Kept
8,Kept
8,Kept
8,Kept
8,Kept
8,Kept
8,Kept
8,Kept
8,Kept
8,Kept
8,Kept
8,Kept
8,Kept
8,Kept
8,Kept
8,Kept
8,Kept
8,Kept
8,Kept
8,Kept
8,Kept
8,Kept
8,Kept
8,Kept
8,Kept
8,Kept
8,Kept
8,Kept
8,Kept
8,Kept
8,Kept
8,Kept
8,Kept
8,Kept
8,Kept
8,Kept
8,Kept
8,Kept
8,Kept
8,Kept
8,Kept
8,Kept
8,Kept
8,Kept
8,Kept
8,Kept
8,Kept
8,Kept
8,Kept
8,Kept
8,Kept
8,Kept
8,Kept
8,Kept
8,Kept
8,Kept
8,Kept
8,Kept
8,Kept
8,Kept
8,Kept
8,Kept
8,Kept
8,Kept
8,Kept
8,Kept
8,Kept
8,Kept
8,Kept
8,Kept
8,Kept
8,Kept
8,Kept
8,Kept
8,Kept
8,Kept
8,Kept
8,Kept
8,Kept
8,Kept
8,Kept
8,Kept
8,Kept
8,Kept
8,Kept
8,Kept
8,Kept
8,Kept
8,Kept
8,Kept
8,Kept
8,Kept
8,Kept
8,Kept
8,Kept
8,Kept
8,Kept
8,Kept
8,Kept
8,Kept
8,Kept
8,Kept
8,Kept
8,Kept
8,Kept
8,Kept
8,Kept
8,Kept
8,Kept
8,Kept
8,Kept
8,Kept
8,Kept
8,Kept
8,Kept
8,Kept
8,Kept
8,Kept
8,Kept
8,Kept
8,Kept
8,Kept
8,Kept
8,Kept
8,Kept
8,Kept
8,Kept
8,Kept
8,Kept
8,Kept
8,Kept
8,Kept
8,Kept
8,Kept
8,Kept
8,Kept
8,Kept
8,Kept
8,Kept
8,Kept
8,Kept
8,Kept
8,Kept
8,Kept
8,Kept
8,Kept
8,Kept
8,Kept
8,Kept
8,Kept
8,Kept
8,Kept
8,Kept
8,Kept
8,Kept
3,Kept
3,Kept
3,Kept
3,Kept
3,Kept
3,Kept
3,Kept
3,Kept
3,Kept
3,Kept
3,Kept
3,Kept
3,Kept
3,Kept
3,Kept
3,Kept
3,Kept
3,Kept
3,Kept
3,Kept
3,Kept
3,Kept
3,Kept
3,Kept
3,Kept
3,Kept
3,Kept
3,Kept
3,Kept
3,Kept
3,Kept
3,Kept
3,Kept
3,Kept
3,Kept
3,Kept
3,Kept
3,Kept
3,Kept
3,Kept
3,Kept
3,Kept
3,Kept
3,Kept
3,Kept
3,Kept
3,Kept
3,Kept
3,Kept
3,Kept
3,Kept
3,Kept
3,Kept
3,Kept
3,Kept
3,Kept
3,Kept
3,Kept
3,Kept
3,Kept
3,Kept
3,Kept
3,Kept
3,Kept
3,Kept
3,Kept
3,Kept
3,Kept
3,Kept
3,Kept
3,Kept
3,Kept
3,Kept
3,Kept
3,Kept
3,Kept
3,Kept
3,Kept
3,Kept
3,Kept
3,Kept
3,Kept
3,Kept
3,Kept
3,Kept
3,Kept
3,Kept
3,Kept
3,Kept
3,Kept
3,Kept
3,Kept
3,Kept
3,Kept
3,Kept
3,Kept
3,Kept
3,Kept
3,Kept
3,Kept
3,Kept
3,Kept
3,Kept
3,Kept
3,Kept
3,Kept
3,Kept
3,Kept
3,Kept
3,Kept
3,Kept
3,Kept
3,Kept
3,Kept
3,Kept
3,Kept
3,Kept
3,Kept
3,Kept
3,Kept
3,Kept
3,Kept
3,Kept
3,Kept
3,Kept
3,Kept
3,Kept
3,Kept
3,Kept
3,Kept
3,Kept
3,Kept
3,Kept
3,Kept
3,Kept
3,Kept
3,Kept
3,Kept
3,Kept
3,Kept
3,Kept
3,Kept
3,Kept
3,Kept
3,Kept
3,Kept
3,Kept
3,Kept
3,Kept
3,Kept
3,Kept
3,Kept
3,Kept
3,Kept
3,Kept
3,Kept
3,Kept
3,Kept
3,Kept
3,Kept
3,Kept
3,Kept
3,Kept
3,Kept
3,Kept
3,Kept
3,Kept
3,Kept
3,Kept
3,Kept
3,Kept
3,Kept
3,Kept
3,Kept
3,Kept
3,Kept
3,Kept
3,Kept
3,Kept
3,Kept
3,Kept
3,Kept
3,Kept
3,Kept
3,Kept
3,Kept
3,Kept
3,Kept
3,Kept
3,Kept
3,Kept
3,Kept
3,Kept
3,Kept
3,Kept
3,Kept
3,Kept
3,Kept
3,Kept
3,Kept
3,Kept
3,Kept
3,Kept
3,Kept
3,Kept
3,Kept
3,Kept
3,Kept
3,Kept
3,Kept
3,Kept
3,Kept
3,Kept
3,Kept
3,Kept
3,Kept
3,Kept
3,Kept
3,Kept
3,Kept
3,Kept
3,Kept
3,Kept
3,Kept
3,Kept
3,Kept
3,Kept
3,Kept
3,Kept
3,Kept
3,Kept
3,Kept
3,Kept
3,Kept
3,Kept
3,Kept
3,Kept
3,Kept
3,Kept
3,Kept
3,Kept
3,Kept
3,Kept
3,Kept
3,Kept
3,Kept
3,Kept
3,Kept
3,Kept
3,Kept
3,Kept
3,Kept
3,Kept
3,Kept
3,Kept
3,Kept
3,Kept
3,Kept
3,Kept
3,Kept
3,Kept
3,Kept
3,Kept
3,Kept
3,Kept
3,Kept
3,Kept
3,Kept
3,Kept
3,Kept
3,Kept
3,Kept
3,Kept
3,Kept
3,Kept
3,Kept
3,Kept
3,Kept
3,Kept
3,Kept
3,Kept
3,Kept
3,Kept
3,Kept
3,Kept
3,Kept
3,Kept
3,Kept
3,Kept
3,Kept
3,Kept
3,Kept
3,Kept
3,Kept
3,Kept
3,Kept
3,Kept
3,Kept
3,Kept
3,Kept
3,Kept
3,Kept
3,Kept
3,Kept
3,Kept
3,Kept
3,Kept
3,Kept
3,Kept
3,Kept
3,Kept
3,Kept
3,Kept
3,Kept
3,Kept
3,Kept
3,Kept
3,Kept
3,Kept
3,Kept
3,Kept
3,Kept
3,Kept
3,Kept
3,Kept
3,Kept
3,Kept
3,Kept
3,Kept
3,Kept
3,Kept
3,Kept
3,Kept
3,Kept
3,Kept
3,Kept
3,Kept
3,Kept
3,Kept
3,Kept
3,Kept
3,Kept
3,Kept
3,Kept
3,Kept
3,Kept
3,Kept
3,Kept
3,Kept
3,Kept
3,Kept
3,Kept
3,Kept
3,Kept
3,Kept
3,Kept
3,Kept
3,Kept
3,Kept
3,Kept
3,Kept
3,Kept
3,Kept
3,Kept
3,Kept
3,Kept
3,Kept
3,Kept
3,Kept
3,Kept
3,Kept
3,Kept
3,Kept
3,Kept
3,Kept
3,Kept
3,Kept
3,Kept
3,Kept
3,Kept
3,Kept
3,Kept
3,Kept
3,Kept
3,Kept
3,Kept
3,Kept
3,Kept
3,Kept
3,Kept
3,Kept
3,Kept
3,Kept
3,Kept
3,Kept
3,Kept
3,Kept
3,Kept
3,Kept
3,Kept
3,Kept
3,Kept
3,Kept
3,Kept
3,Kept
3,Kept
3,Kept
3,Kept
3,Kept
3,Kept
3,Kept
3,Kept
3,Kept
3,Kept
3,Kept
3,Kept
3,Kept
3,Kept
3,Kept
3,Kept
3,Kept
3,Kept
3,Kept
3,Kept
3,Kept
3,Kept
3,Kept
3,Kept
3,Kept
3,Kept
3,Kept
3,Kept
3,Kept
3,Kept
3,Kept
3,Kept
3,Kept
3,Kept
3,Kept
3,Kept
3,Kept
3,Kept
3,Kept
3,Kept
3,Kept
3,Kept
3,Kept
3,Kept
3,Kept
3,Kept
3,Kept
3,Kept
3,Kept
3,Kept
3,Kept
3,Kept
3,Kept
3,Kept
3,Kept
3,Kept
3,Kept
3,Kept
3,Kept
3,Kept
3,Kept
3,Kept
3,Kept
3,Kept
3,Kept
3,Kept
3,Kept
3,Kept
3,Kept
3,Kept
3,Kept
3,Kept
3,Kept
3,Kept
3,Kept
3,Kept
3,Kept
3,Kept
3,Kept
3,Kept
3,Kept
3,Kept
3,Kept
3,Kept
3,Kept
3,Kept
3,Kept
3,Kept
3,Kept
3,Kept
3,Kept
3,Kept
3,Kept
3,Kept
3,Kept
3,Kept
3,Kept
3,Kept
3,Kept
3,Kept
3,Kept
3,Kept
3,Kept
3,Kept
3,Kept
3,Kept
3,Kept
3,Kept
3,Kept
3,Kept
3,Kept
3,Kept
3,Kept
3,Kept
3,Kept
3,Kept
3,Kept
3,Kept
3,Kept
3,Kept
3,Kept
3,Kept
3,Kept
3,Kept
3,Kept
3,Kept
3,Kept
3,Kept
3,Kept
3,Kept
3,Kept
3,Kept
3,Kept
3,Kept
3,Kept
3,Kept
3,Kept
3,Kept
3,Kept
3,Kept
3,Kept
3,Kept
3,Kept
3,Kept
3,Kept
3,Kept
3,Kept
3,Kept
3,Kept
3,Kept
3,Kept
3,Kept
3,Kept
3,Kept
3,Kept
3,Kept
3,Kept
3,Kept
3,Kept
3,Kept
3,Kept
3,Kept
3,Kept
3,Kept
3,Kept
3,Kept
3,Kept
3,Kept
3,Kept
3,Kept
3,Kept
3,Kept
3,Kept
3,Kept
3,Kept
3,Kept
3,Kept
3,Kept
3,Kept
3,Kept
3,Kept
3,Kept
3,Kept
3,Kept
3,Kept
3,Kept
3,Kept
3,Kept
3,Kept
3,Kept
3,Kept
3,Kept
3,Kept
3,Kept
3,Kept
3,Kept
3,Kept
3,Kept
3,Kept
3,Kept
3,Kept
3,Kept
3,Kept
3,Kept
3,Kept
3,Kept
3,Kept
3,Kept
3,Kept
3,Kept
3,Kept
3,Kept
3,Kept
3,Kept
3,Kept
3,Kept
3,Kept
3,Kept
3,Kept
3,Kept
3,Kept
3,Kept
3,Kept
3,Kept
3,Kept
3,Kept
3,Kept
3,Kept
3,Kept
3,Kept
3,Kept
6,Kept
6,Kept
6,Kept
6,Kept
6,Kept
6,Kept
6,Kept
6,Kept
6,Kept
6,Kept
6,Kept
6,Kept
6,Kept
6,Kept
6,Kept
6,Kept
6,Kept
6,Kept
6,Kept
6,Kept
6,Kept
6,Kept
6,Kept
6,Kept
6,Kept
6,Kept
6,Kept
6,Kept
6,Kept
6,Kept
6,Kept
6,Kept
6,Kept
6,Kept
6,Kept
6,Kept
6,Kept
6,Kept
6,Kept
6,Kept
6,Kept
6,Kept
6,Kept
6,Kept
6,Kept
6,Kept
6,Kept
6,Kept
6,Kept
6,Kept
6,Kept
6,Kept
6,Kept
6,Kept
6,Kept
6,Kept
6,Kept
6,Kept
6,Kept
6,Kept
6,Kept
6,Kept
6,Kept
6,Kept
6,Kept
6,Kept
6,Kept
6,Kept
6,Kept
6,Kept
6,Kept
6,Kept
6,Kept
6,Kept
6,Kept
6,Kept
6,Kept
6,Kept
6,Kept
6,Kept
6,Kept
6,Kept
6,Kept
6,Kept
6,Kept
6,Kept
6,Kept
6,Kept
6,Kept
6,Kept
6,Kept
6,Kept
6,Kept
6,Kept
6,Kept
6,Kept
6,Kept
6,Kept
6,Kept
6,Kept
6,Kept
6,Kept
6,Kept
6,Kept
6,Kept
6,Kept
6,Kept
6,Kept
6,Kept
6,Kept
6,Kept
6,Kept
6,Kept
6,Kept
6,Kept
6,Kept
6,Kept
6,Kept
6,Kept
6,Kept
6,Kept
6,Kept
6,Kept
6,Kept
6,Kept
6,Kept
6,Kept
6,Kept
6,Kept
6,Kept
6,Kept
6,Kept
6,Kept
6,Kept
6,Kept
6,Kept
6,Kept
6,Kept
6,Kept
6,Kept
6,Kept
6,Kept
6,Kept
6,Kept
6,Kept
6,Kept
6,Kept
6,Kept
6,Kept
6,Kept
6,Kept
6,Kept
6,Kept
6,Kept
6,Kept
6,Kept
6,Kept
6,Kept
6,Kept
6,Kept
6,Kept
6,Kept
6,Kept
6,Kept
6,Kept
6,Kept
6,Kept
6,Kept
6,Kept
6,Kept
6,Kept
6,Kept
6,Kept
6,Kept
6,Kept
6,Kept
6,Kept
6,Kept
6,Kept
6,Kept
6,Kept
6,Kept
6,Kept
6,Kept
6,Kept
6,Kept
6,Kept
6,Kept
6,Kept
6,Kept
6,Kept
6,Kept
6,Kept
6,Kept
6,Kept
6,Kept
6,Kept
6,Kept
6,Kept
6,Kept
6,Kept
6,Kept
6,Kept
6,Kept
6,Kept
6,Kept
6,Kept
6,Kept
6,Kept
6,Kept
6,Kept
6,Kept
6,Kept
6,Kept
6,Kept
6,Kept
6,Kept
6,Kept
6,Kept
6,Kept
6,Kept
6,Kept
6,Kept
6,Kept
6,Kept
6,Kept
6,Kept
6,Kept
6,Kept
6,Kept
6,Kept
6,Kept
6,Kept
6,Kept
6,Kept
6,Kept
6,Kept
6,Kept
6,Kept
6,Kept
6,Kept
6,Kept
6,Kept
6,Kept
6,Kept
6,Kept
6,Kept
6,Kept
6,Kept
6,Kept
6,Kept
6,Kept
6,Kept
6,Kept
6,Kept
6,Kept
6,Kept
6,Kept
6,Kept
6,Kept
6,Kept
6,Kept
6,Kept
6,Kept
6,Kept
6,Kept
6,Kept
6,Kept
6,Kept
6,Kept
6,Kept
6,Kept
6,Kept
6,Kept
6,Kept
6,Kept
6,Kept
6,Kept
6,Kept
6,Kept
6,Kept
6,Kept
6,Kept
6,Kept
6,Kept
6,Kept
6,Kept
6,Kept
6,Kept
6,Kept
6,Kept
6,Kept
6,Kept
6,Kept
6,Kept
6,Kept
6,Kept
6,Kept
6,Kept
6,Kept
6,Kept
6,Kept
6,Kept
6,Kept
6,Kept
6,Kept
6,Kept
6,Kept
6,Kept
6,Kept
6,Kept
6,Kept
6,Kept
6,Kept
6,Kept
6,Kept
6,Kept
6,Kept
6,Kept
6,Kept
6,Kept
6,Kept
6,Kept
6,Kept
6,Kept
6,Kept
6,Kept
6,Kept
6,Kept
6,Kept
6,Kept
6,Kept
6,Kept
6,Kept
6,Kept
6,Kept
6,Kept
6,Kept
6,Kept
6,Kept
6,Kept
6,Kept
6,Kept
6,Kept
6,Kept
6,Kept
6,Kept
6,Kept
6,Kept
6,Kept
6,Kept
6,Kept
6,Kept
6,Kept
6,Kept
6,Kept
6,Kept
6,Kept
6,Kept
6,Kept
6,Kept
6,Kept
6,Kept
6,Kept
6,Kept
6,Kept
6,Kept
6,Kept
6,Kept
6,Kept
6,Kept
6,Kept
6,Kept
6,Kept
6,Kept
6,Kept
6,Kept
6,Kept
6,Kept
6,Kept
6,Kept
6,Kept
6,Kept
6,Kept
6,Kept
6,Kept
6,Kept
6,Kept
6,Kept
6,Kept
6,Kept
6,Kept
6,Kept
6,Kept
6,Kept
6,Kept
6,Kept
6,Kept
6,Kept
6,Kept
6,Kept
6,Kept
6,Kept
6,Kept
6,Kept
6,Kept
6,Kept
6,Kept
6,Kept
6,Kept
6,Kept
6,Kept
6,Kept
6,Kept
6,Kept
6,Kept
6,Kept
6,Kept
6,Kept
6,Kept
6,Kept
6,Kept
6,Kept
6,Kept
6,Kept
6,Kept
6,Kept
6,Kept
6,Kept
6,Kept
6,Kept
6,Kept
6,Kept
6,Kept
6,Kept
6,Kept
6,Kept
6,Kept
6,Kept
6,Kept
6,Kept
6,Kept
6,Kept
6,Kept
6,Kept
6,Kept
6,Kept
6,Kept
6,Kept
6,Kept
6,Kept
6,Kept
6,Kept
6,Kept
6,Kept
6,Kept
6,Kept
6,Kept
6,Kept
6,Kept
6,Kept
6,Kept
6,Kept
6,Kept
6,Kept
6,Kept
6,Kept
6,Kept
6,Kept
6,Kept
6,Kept
6,Kept
6,Kept
6,Kept
6,Kept
6,Kept
6,Kept
6,Kept
6,Kept
6,Kept
6,Kept
6,Kept
6,Kept
6,Kept
6,Kept
6,Kept
6,Kept
6,Kept
6,Kept
6,Kept
6,Kept
6,Kept
6,Kept
6,Kept
6,Kept
6,Kept
6,Kept
6,Kept
6,Kept
6,Kept
6,Kept
6,Kept
6,Kept
6,Kept
6,Kept
6,Kept
6,Kept
6,Kept
6,Kept
6,Kept
6,Kept
6,Kept
6,Kept
6,Kept
6,Kept
6,Kept
6,Kept
6,Kept
6,Kept
6,Kept
6,Kept
6,Kept
6,Kept
6,Kept
6,Kept
6,Kept
6,Kept
6,Kept
6,Kept
6,Kept
6,Kept
6,Kept
6,Kept
6,Kept
6,Kept
6,Kept
6,Kept
6,Kept
6,Kept
6,Kept
6,Kept
6,Kept
6,Kept
6,Kept
6,Kept
6,Kept
6,Kept
6,Kept
6,Kept
6,Kept
6,Kept
6,Kept
6,Kept
6,Kept
6,Kept
6,Kept
6,Kept
6,Kept
6,Kept
6,Kept
6,Kept
6,Kept
6,Kept
6,Kept
6,Kept
6,Kept
6,Kept
6,Kept
6,Kept
6,Kept
6,Kept
6,Kept
6,Kept
6,Kept
6,Kept
6,Kept
6,Kept
6,Kept
6,Kept
6,Kept
6,Kept
6,Kept
6,Kept
6,Kept
6,Kept
6,Kept
6,Kept
6,Kept
6,Kept
6,Kept
6,Kept
6,Kept
6,Kept
6,Kept
6,Kept
6,Kept
6,Kept
6,Kept
6,Kept
6,Kept
6,Kept
6,Kept
6,Kept
6,Kept
6,Kept
6,Kept
6,Kept
6,Kept
6,Kept
6,Kept
6,Kept
6,Kept
6,Kept
6,Kept
6,Kept
6,Kept
6,Kept
6,Kept
6,Kept
6,Kept
6,Kept
6,Kept
6,Kept
6,Kept
6,Kept
6,Kept
6,Kept
6,Kept
6,Kept
6,Kept
6,Kept
6,Kept
6,Kept
6,Kept
6,Kept
6,Kept
6,Kept
6,Kept
6,Kept
6,Kept
6,Kept
6,Kept
6,Kept
6,Kept
6,Kept
6,Kept
6,Kept
6,Kept
6,Kept
6,Kept
6,Kept
6,Kept
6,Kept
6,Kept
6,Kept
6,Kept
6,Kept
6,Kept
6,Kept
6,Kept
6,Kept
6,Kept
6,Kept
6,Kept
6,Kept
6,Kept
6,Kept
6,Kept
6,Kept
6,Kept
6,Kept
6,Kept
6,Kept
6,Kept
6,Kept
6,Kept
6,Kept
6,Kept
6,Kept
6,Kept
6,Kept
6,Kept
6,Kept
6,Kept
6,Kept
6,Kept
6,Kept
6,Kept
6,Kept
6,Kept
6,Kept
6,Kept
6,Kept
6,Kept
6,Kept
6,Kept
6,Kept
6,Kept
6,Kept
6,Kept
6,Kept
6,Kept
6,Kept
6,Kept
6,Kept
6,Kept
6,Kept
6,Kept
6,Kept
6,Kept
6,Kept
6,Kept
6,Kept
6,Kept
6,Kept
6,Kept
6,Kept
6,Kept
6,Kept
6,Kept
6,Kept
6,Kept
6,Kept
6,Kept
6,Kept
6,Kept
6,Kept
6,Kept
6,Kept
6,Kept
6,Kept
6,Kept
6,Kept
6,Kept
6,Kept
6,Kept
6,Kept
6,Kept
6,Kept
6,Kept
6,Kept
6,Kept
6,Kept
6,Kept
6,Kept
6,Kept
6,Kept
6,Kept
6,Kept
6,Kept
6,Kept
6,Kept
6,Kept
6,Kept
6,Kept
6,Kept
6,Kept
6,Kept
6,Kept
6,Kept
6,Kept
6,Kept
6,Kept
6,Kept
6,Kept
6,Kept
6,Kept
6,Kept
6,Kept
6,Kept
6,Kept
6,Kept
6,Kept
6,Kept
6,Kept
6,Kept
6,Kept
6,Kept
6,Kept
6,Kept
6,Kept
6,Kept
6,Kept
6,Kept
6,Kept
6,Kept
6,Kept
6,Kept
6,Kept
6,Kept
6,Kept
6,Kept
6,Kept
6,Kept
6,Kept
6,Kept
6,Kept
6,Kept
6,Kept
6,Kept
6,Kept
6,Kept
6,Kept
6,Kept
6,Kept
6,Kept
6,Kept
6,Kept
6,Kept
6,Kept
6,Kept
6,Kept
6,Kept
6,Kept
6,Kept
6,Kept
6,Kept
6,Kept
6,Kept
6,Kept
6,Kept
6,Kept
6,Kept
6,Kept
6,Kept
6,Kept
6,Kept
6,Kept
6,Kept
6,Kept
6,Kept
6,Kept
6,Kept
6,Kept
6,Kept
6,Kept
6,Kept
6,Kept
6,Kept
6,Kept
6,Kept
6,Kept
6,Kept
6,Kept
6,Kept
6,Kept
6,Kept
6,Kept
6,Kept
6,Kept
6,Kept
6,Kept
6,Kept
6,Kept
6,Kept
6,Kept
6,Kept
6,Kept
6,Kept
6,Kept
6,Kept
6,Kept
6,Kept
6,Kept
6,Kept
6,Kept
6,Kept
6,Kept
6,Kept
6,Kept
6,Kept
6,Kept
6,Kept
6,Kept
6,Kept
6,Kept
6,Kept
6,Kept
6,Kept
6,Kept
6,Kept
6,Kept
6,Kept
6,Kept
4,Kept
4,Kept
4,Kept
4,Kept
4,Kept
4,Kept
4,Kept
4,Kept
4,Kept
4,Kept
4,Kept
4,Kept
4,Kept
4,Kept
4,Kept
4,Kept
4,Kept
4,Kept
4,Kept
4,Kept
4,Kept
4,Kept
4,Kept
4,Kept
4,Kept
4,Kept
4,Kept
4,Kept
4,Kept
4,Kept
4,Kept
4,Kept
4,Kept
4,Kept
4,Kept
4,Kept
4,Kept
4,Kept
4,Kept
4,Kept
4,Kept
4,Kept
4,Kept
4,Kept
4,Kept
4,Kept
4,Kept
4,Kept
4,Kept
4,Kept
4,Kept
4,Kept
4,Kept
4,Kept
4,Kept
4,Kept
4,Kept
4,Kept
4,Kept
4,Kept
4,Kept
4,Kept
4,Kept
4,Kept
4,Kept
4,Kept
4,Kept
4,Kept
4,Kept
4,Kept
4,Kept
4,Kept
4,Kept
4,Kept
4,Kept
4,Kept
4,Kept
4,Kept
4,Kept
4,Kept
4,Kept
4,Kept
4,Kept
4,Kept
4,Kept
4,Kept
4,Kept
4,Kept
4,Kept
4,Kept
4,Kept
4,Kept
4,Kept
4,Kept
4,Kept
4,Kept
4,Kept
4,Kept
4,Kept
4,Kept
4,Kept
4,Kept
4,Kept
4,Kept
4,Kept
4,Kept
4,Kept
4,Kept
4,Kept
4,Kept
4,Kept
4,Kept
4,Kept
4,Kept
4,Kept
4,Kept
4,Kept
4,Kept
4,Kept
4,Kept
4,Kept
4,Kept
4,Kept
4,Kept
4,Kept
4,Kept
4,Kept
4,Kept
4,Kept
4,Kept
4,Kept
4,Kept
4,Kept
4,Kept
4,Kept
4,Kept
4,Kept
4,Kept
4,Kept
4,Kept
4,Kept
4,Kept
4,Kept
4,Kept
4,Kept
4,Kept
4,Kept
4,Kept
4,Kept
4,Kept
4,Kept
4,Kept
4,Kept
4,Kept
4,Kept
4,Kept
4,Kept
4,Kept
4,Kept
4,Kept
4,Kept
4,Kept
4,Kept
4,Kept
4,Kept
4,Kept
4,Kept
4,Kept
4,Kept
4,Kept
4,Kept
4,Kept
4,Kept
4,Kept
4,Kept
4,Kept
4,Kept
4,Kept
4,Kept
4,Kept
4,Kept
4,Kept
4,Kept
4,Kept
4,Kept
4,Kept
4,Kept
4,Kept
4,Kept
4,Kept
4,Kept
4,Kept
4,Kept
4,Kept
4,Kept
4,Kept
4,Kept
4,Kept
4,Kept
4,Kept
4,Kept
4,Kept
4,Kept
4,Kept
4,Kept
4,Kept
4,Kept
4,Kept
4,Kept
4,Kept
4,Kept
4,Kept
4,Kept
4,Kept
4,Kept
4,Kept
4,Kept
4,Kept
4,Kept
4,Kept
4,Kept
4,Kept
4,Kept
4,Kept
4,Kept
4,Kept
4,Kept
4,Kept
4,Kept
4,Kept
4,Kept
4,Kept
4,Kept
4,Kept
4,Kept
4,Kept
4,Kept
4,Kept
4,Kept
4,Kept
4,Kept
4,Kept
4,Kept
4,Kept
4,Kept
4,Kept
4,Kept
4,Kept
4,Kept
4,Kept
4,Kept
4,Kept
4,Kept
4,Kept
4,Kept
4,Kept
4,Kept
4,Kept
4,Kept
4,Kept
4,Kept
4,Kept
4,Kept
4,Kept
4,Kept
4,Kept
4,Kept
4,Kept
4,Kept
4,Kept
4,Kept
4,Kept
4,Kept
4,Kept
4,Kept
4,Kept
4,Kept
4,Kept
4,Kept
4,Kept
4,Kept
4,Kept
4,Kept
4,Kept
4,Kept
4,Kept
4,Kept
4,Kept
4,Kept
4,Kept
4,Kept
4,Kept
4,Kept
4,Kept
4,Kept
4,Kept
4,Kept
4,Kept
4,Kept
4,Kept
4,Kept
4,Kept
4,Kept
4,Kept
4,Kept
4,Kept
4,Kept
4,Kept
4,Kept
4,Kept
4,Kept
4,Kept
4,Kept
4,Kept
4,Kept
4,Kept
4,Kept
4,Kept
4,Kept
4,Kept
4,Kept
4,Kept
4,Kept
4,Kept
4,Kept
4,Kept
4,Kept
4,Kept
4,Kept
4,Kept
4,Kept
4,Kept
4,Kept
4,Kept
4,Kept
4,Kept
4,Kept
4,Kept
4,Kept
4,Kept
4,Kept
4,Kept
4,Kept
4,Kept
4,Kept
4,Kept
4,Kept
4,Kept
4,Kept
4,Kept
4,Kept
4,Kept
4,Kept
4,Kept
4,Kept
4,Kept
4,Kept
4,Kept
4,Kept
4,Kept
4,Kept
4,Kept
4,Kept
4,Kept
4,Kept
4,Kept
4,Kept
4,Kept
4,Kept
4,Kept
4,Kept
4,Kept
4,Kept
4,Kept
4,Kept
4,Kept
4,Kept
4,Kept
4,Kept
4,Kept
4,Kept
4,Kept
4,Kept
4,Kept
4,Kept
4,Kept
4,Kept
4,Kept
4,Kept
4,Kept
4,Kept
4,Kept
4,Kept
4,Kept
4,Kept
4,Kept
4,Kept
4,Kept
4,Kept
4,Kept
4,Kept
4,Kept
4,Kept
4,Kept
4,Kept
4,Kept
4,Kept
4,Kept
4,Kept
4,Kept
4,Kept
4,Kept
4,Kept
4,Kept
4,Kept
4,Kept
4,Kept
4,Kept
4,Kept
4,Kept
4,Kept
4,Kept
4,Kept
4,Kept
4,Kept
4,Kept
4,Kept
4,Kept
4,Kept
4,Kept
4,Kept
4,Kept
4,Kept
4,Kept
4,Kept
4,Kept
4,Kept
4,Kept
4,Kept
4,Kept
4,Kept
4,Kept
4,Kept
4,Kept
4,Kept
4,Kept
4,Kept
4,Kept
4,Kept
4,Kept
4,Kept
4,Kept
4,Kept
4,Kept
4,Kept
4,Kept
4,Kept
4,Kept
4,Kept
4,Kept
4,Kept
4,Kept
4,Kept
4,Kept
4,Kept
4,Kept
4,Kept
4,Kept
4,Kept
4,Kept
4,Kept
4,Kept
4,Kept
4,Kept
4,Kept
4,Kept
4,Kept
4,Kept
4,Kept
4,Kept
4,Kept
4,Kept
4,Kept
4,Kept
4,Kept
4,Kept
4,Kept
4,Kept
4,Kept
4,Kept
4,Kept
4,Kept
4,Kept
4,Kept
4,Kept
4,Kept
4,Kept
4,Kept
4,Kept
4,Kept
4,Kept
4,Kept
4,Kept
4,Kept
4,Kept
4,Kept
4,Kept
4,Kept
4,Kept
4,Kept
4,Kept
4,Kept
4,Kept
4,Kept
4,Kept
4,Kept
4,Kept
4,Kept
4,Kept
4,Kept
4,Kept
4,Kept
4,Kept
4,Kept
4,Kept
4,Kept
4,Kept
4,Kept
4,Kept
4,Kept
4,Kept
4,Kept
4,Kept
4,Kept
4,Kept
4,Kept
4,Kept
4,Kept
4,Kept
4,Kept
4,Kept
4,Kept
4,Kept
4,Kept
4,Kept
4,Kept
4,Kept
4,Kept
4,Kept
4,Kept
4,Kept
4,Kept
4,Kept
4,Kept
4,Kept
4,Kept
4,Kept
4,Kept
4,Kept
4,Kept
4,Kept
4,Kept
4,Kept
4,Kept
4,Kept
4,Kept
4,Kept
4,Kept
4,Kept
4,Kept
4,Kept
4,Kept
4,Kept
4,Kept
4,Kept
4,Kept
4,Kept
4,Kept
4,Kept
4,Kept
4,Kept
4,Kept
4,Kept
4,Kept
4,Kept
4,Kept
4,Kept
4,Kept
4,Kept
4,Kept
4,Kept
4,Kept
4,Kept
4,Kept
4,Kept
4,Kept
4,Kept
4,Kept
4,Kept
4,Kept
4,Kept
4,Kept
4,Kept
4,Kept
4,Kept
4,Kept
4,Kept
4,Kept
4,Kept
4,Kept
4,Kept
4,Kept
4,Kept
4,Kept
4,Kept
4,Kept
4,Kept
4,Kept
4,Kept
4,Kept
4,Kept
4,Kept
4,Kept
4,Kept
4,Kept
4,Kept
4,Kept
4,Kept
4,Kept
4,Kept
4,Kept
4,Kept
4,Kept
4,Kept
4,Kept
4,Kept
4,Kept
4,Kept
4,Kept
4,Kept
4,Kept
4,Kept
4,Kept
4,Kept
4,Kept
4,Kept
4,Kept
4,Kept
4,Kept
4,Kept
4,Kept
4,Kept
4,Kept
4,Kept
4,Kept
4,Kept
4,Kept
4,Kept
4,Kept
4,Kept
4,Kept
4,Kept
4,Kept
4,Kept
4,Kept
4,Kept
4,Kept
4,Kept
4,Kept
4,Kept
4,Kept
4,Kept
4,Kept
4,Kept
4,Kept
4,Kept
4,Kept
4,Kept
4,Kept
4,Kept
4,Kept
4,Kept
4,Kept
4,Kept
4,Kept
4,Kept
4,Kept
4,Kept
4,Kept
4,Kept
4,Kept
4,Kept
4,Kept
4,Kept
4,Kept
4,Kept
4,Kept
4,Kept
4,Kept
4,Kept
4,Kept
4,Kept
4,Kept
4,Kept
4,Kept
4,Kept
4,Kept
4,Kept
4,Kept
4,Kept
4,Kept
4,Kept
4,Kept
4,Kept
4,Kept
4,Kept
4,Kept
4,Kept
4,Kept
4,Kept
4,Kept
4,Kept
4,Kept
4,Kept
4,Kept
4,Kept
4,Kept
4,Kept
4,Kept
4,Kept
4,Kept
4,Kept
4,Kept
4,Kept
4,Kept
4,Kept
4,Kept
4,Kept
4,Kept
4,Kept
4,Kept
4,Kept
4,Kept
4,Kept
4,Kept
4,Kept
4,Kept
4,Kept
4,Kept
4,Kept
4,Kept
4,Kept
4,Kept
4,Kept
4,Kept
4,Kept
4,Kept
4,Kept
4,Kept
4,Kept
4,Kept
4,Kept
4,Kept
4,Kept
4,Kept
4,Kept
4,Kept
4,Kept
4,Kept
4,Kept
4,Kept
4,Kept
4,Kept
4,Kept
4,Kept
4,Kept
4,Kept
4,Kept
4,Kept
4,Kept
4,Kept
4,Kept
4,Kept
4,Kept
4,Kept
4,Kept
4,Kept
4,Kept
4,Kept
4,Kept
4,Kept
4,Kept
4,Kept
4,Kept
4,Kept
4,Kept
4,Kept
4,Kept
4,Kept
4,Kept
4,Kept
4,Kept
4,Kept
4,Kept
4,Kept
4,Kept
4,Kept
4,Kept
4,Kept
4,Kept
4,Kept
4,Kept
4,Kept
4,Kept
4,Kept
4,Kept
4,Kept
4,Kept
4,Kept
4,Kept
4,Kept
4,Kept
4,Kept
4,Kept
4,Kept
4,Kept
4,Kept
4,Kept
4,Kept
4,Kept
4,Kept
4,Kept
4,Kept
4,Kept
4,Kept
4,Kept
4,Kept
4,Kept
4,Kept
4,Kept
4,Kept
4,Kept
4,Kept
4,Kept
4,Kept
4,Kept
4,Kept
4,Kept
4,Kept
4,Kept
4,Kept
4,Kept
4,Kept
4,Kept
4,Kept
4,Kept
4,Kept
4,Kept
4,Kept
4,Kept
4,Kept
4,Kept
4,Kept
4,Kept
4,Kept
4,Kept
4,Kept
4,Kept
4,Kept
4,Kept
4,Kept
4,Kept
4,Kept
4,Kept
4,Kept
4,Kept
4,Kept
4,Kept
4,Kept
4,Kept
4,Kept
4,Kept
4,Kept
4,Kept
4,Kept
4,Kept
4,Kept
4,Kept
4,Kept
4,Kept
4,Kept
4,Kept
4,Kept
4,Kept
4,Kept
4,Kept
4,Kept
4,Kept
4,Kept
4,Kept
4,Kept
4,Kept
4,Kept
4,Kept
4,Kept
4,Kept
4,Kept
4,Kept
4,Kept
4,Kept
4,Kept
4,Kept
4,Kept
4,Kept
4,Kept
4,Kept
4,Kept
4,Kept
4,Kept
4,Kept
4,Kept
4,Kept
4,Kept
4,Kept
4,Kept
4,Kept
4,Kept
4,Kept
4,Kept
4,Kept
4,Kept
4,Kept
4,Kept
4,Kept
4,Kept
4,Kept
4,Kept
4,Kept
4,Kept
4,Kept
4,Kept
4,Kept
4,Kept
4,Kept
4,Kept
4,Kept
4,Kept
4,Kept
4,Kept
4,Kept
4,Kept
4,Kept
4,Kept
4,Kept
4,Kept
4,Kept
4,Kept
4,Kept
4,Kept
4,Kept
4,Kept
4,Kept
4,Kept
4,Kept
4,Kept
4,Kept
4,Kept
4,Kept
4,Kept
4,Kept
4,Kept
4,Kept
4,Kept
4,Kept
4,Kept
4,Kept
4,Kept
4,Kept
4,Kept
4,Kept
4,Kept
4,Kept
4,Kept
4,Kept
4,Kept
4,Kept
4,Kept
4,Kept
4,Kept
4,Kept
4,Kept
4,Kept
4,Kept
4,Kept
4,Kept
4,Kept
4,Kept
4,Kept
4,Kept
4,Kept
4,Kept
4,Kept
4,Kept
4,Kept
4,Kept
4,Kept
4,Kept
4,Kept
4,Kept
4,Kept
4,Kept
4,Kept
4,Kept
4,Kept
4,Kept
4,Kept
4,Kept
4,Kept
4,Kept
4,Kept
4,Kept
4,Kept
4,Kept
4,Kept
4,Kept
4,Kept
4,Kept
4,Kept
4,Kept
4,Kept
4,Kept
4,Kept
4,Kept
4,Kept
4,Kept
4,Kept
4,Kept
4,Kept
4,Kept
4,Kept
4,Kept
4,Kept
4,Kept
4,Kept
4,Kept
4,Kept
4,Kept
4,Kept
4,Kept
4,Kept
4,Kept
4,Kept
4,Kept
4,Kept
4,Kept
4,Kept
4,Kept
4,Kept
4,Kept
4,Kept
4,Kept
4,Kept
4,Kept
4,Kept
4,Kept
4,Kept
4,Kept
4,Kept
4,Kept
4,Kept
4,Kept
4,Kept
4,Kept
4,Kept
4,Kept
4,Kept
4,Kept
4,Kept
4,Kept
4,Kept
4,Kept
4,Kept
4,Kept
4,Kept
4,Kept
4,Kept
4,Kept
4,Kept
4,Kept
4,Kept
4,Kept
4,Kept
4,Kept
4,Kept
4,Kept
4,Kept
4,Kept
4,Kept
4,Kept
4,Kept
4,Kept
4,Kept
4,Kept
4,Kept
4,Kept
4,Kept
4,Kept
4,Kept
4,Kept
4,Kept
4,Kept
4,Kept
4,Kept
4,Kept
4,Kept
4,Kept
4,Kept
4,Kept
4,Kept
4,Kept
4,Kept
4,Kept
4,Kept
4,Kept
4,Kept
4,Kept
4,Kept
4,Kept
4,Kept
4,Kept
4,Kept
4,Kept
4,Kept
4,Kept
4,Kept
4,Kept
4,Kept
4,Kept
4,Kept
4,Kept
4,Kept
4,Kept
4,Kept
4,Kept
4,Kept
4,Kept
4,Kept
4,Kept
4,Kept
4,Kept
4,Kept
4,Kept
4,Kept
4,Kept
4,Kept
4,Kept
4,Kept
4,Kept
4,Kept
4,Kept
4,Kept
4,Kept
4,Kept
4,Kept
4,Kept
4,Kept
4,Kept
4,Kept
4,Kept
4,Kept
4,Kept
4,Kept
4,Kept
4,Kept
4,Kept
4,Kept
4,Kept
4,Kept
4,Kept
4,Kept
4,Kept
4,Kept
4,Kept
4,Kept
4,Kept
4,Kept
4,Kept
4,Kept
4,Kept
4,Kept
4,Kept
4,Kept
4,Kept
4,Kept
4,Kept
4,Kept
4,Kept
4,Kept
4,Kept
4,Kept
4,Kept
4,Kept
4,Kept
4,Kept
4,Kept
4,Kept
4,Kept
4,Kept
4,Kept
4,Kept
4,Kept
4,Kept
4,Kept
4,Kept
4,Kept
4,Kept
4,Kept
4,Kept
4,Kept
4,Kept
4,Kept
4,Kept
4,Kept
4,Kept
4,Kept
4,Kept
4,Kept
4,Kept
4,Kept
4,Kept
4,Kept
4,Kept
4,Kept
4,Kept
4,Kept
4,Kept
4,Kept
4,Kept
4,Kept
4,Kept
4,Kept
4,Kept
4,Kept
4,Kept
4,Kept
4,Kept
4,Kept
4,Kept
4,Kept
4,Kept
4,Kept
4,Kept
4,Kept
4,Kept
4,Kept
4,Kept
4,Kept
4,Kept
4,Kept
4,Kept
4,Kept
4,Kept
4,Kept
4,Kept
4,Kept
4,Kept
4,Kept
4,Kept
4,Kept
4,Kept
4,Kept
4,Kept
4,Kept
4,Kept
4,Kept
4,Kept
4,Kept
4,Kept
4,Kept
4,Kept
4,Kept
4,Kept
4,Kept
4,Kept
4,Kept
4,Kept
4,Kept
4,Kept
4,Kept
4,Kept
4,Kept
4,Kept
4,Kept
4,Kept
4,Kept
4,Kept
4,Kept
4,Kept
4,Kept
4,Kept
4,Kept
4,Kept
2,Kept
2,Kept
2,Kept
2,Kept
2,Kept
2,Kept
2,Kept
2,Kept
2,Kept
2,Kept
2,Kept
2,Kept
2,Kept
2,Kept
2,Kept
2,Kept
2,Kept
2,Kept
2,Kept
2,Kept
2,Kept
2,Kept
2,Kept
2,Kept
2,Kept
2,Kept
2,Kept
2,Kept
2,Kept
2,Kept
2,Kept
2,Kept
2,Kept
2,Kept
2,Kept
2,Kept
2,Kept
2,Kept
2,Kept
2,Kept
2,Kept
2,Kept
2,Kept
2,Kept
2,Kept
2,Kept
2,Kept
2,Kept
2,Kept
2,Kept
2,Kept
2,Kept
2,Kept
2,Kept
2,Kept
2,Kept
2,Kept
2,Kept
2,Kept
2,Kept
2,Kept
2,Kept
2,Kept
2,Kept
2,Kept
2,Kept
2,Kept
2,Kept
2,Kept
2,Kept
2,Kept
2,Kept
2,Kept
2,Kept
2,Kept
2,Kept
2,Kept
2,Kept
2,Kept
2,Kept
2,Kept
2,Kept
2,Kept
2,Kept
2,Kept
2,Kept
2,Kept
2,Kept
2,Kept
2,Kept
2,Kept
2,Kept
2,Kept
2,Kept
2,Kept
2,Kept
2,Kept
2,Kept
2,Kept
2,Kept
2,Kept
2,Kept
2,Kept
2,Kept
2,Kept
2,Kept
2,Kept
2,Kept
2,Kept
2,Kept
2,Kept
2,Kept
2,Kept
2,Kept
2,Kept
2,Kept
2,Kept
2,Kept
2,Kept
2,Kept
2,Kept
2,Kept
2,Kept
2,Kept
2,Kept
2,Kept
2,Kept
2,Kept
2,Kept
2,Kept
2,Kept
2,Kept
2,Kept
2,Kept
2,Kept
2,Kept
2,Kept
2,Kept
2,Kept
2,Kept
2,Kept
2,Kept
2,Kept
2,Kept
2,Kept
2,Kept
2,Kept
2,Kept
2,Kept
2,Kept
2,Kept
2,Kept
2,Kept
2,Kept
2,Kept
2,Kept
2,Kept
2,Kept
2,Kept
2,Kept
2,Kept
2,Kept
2,Kept
2,Kept
2,Kept
2,Kept
2,Kept
2,Kept
2,Kept
2,Kept
2,Kept
2,Kept
2,Kept
2,Kept
2,Kept
2,Kept
2,Kept
2,Kept
2,Kept
2,Kept
2,Kept
2,Kept
2,Kept
2,Kept
2,Kept
2,Kept
2,Kept
2,Kept
2,Kept
2,Kept
2,Kept
2,Kept
2,Kept
2,Kept
2,Kept
2,Kept
2,Kept
2,Kept
2,Kept
2,Kept
2,Kept
2,Kept
2,Kept
2,Kept
2,Kept
2,Kept
2,Kept
2,Kept
2,Kept
2,Kept
2,Kept
2,Kept
2,Kept
2,Kept
2,Kept
2,Kept
2,Kept
2,Kept
2,Kept
2,Kept
2,Kept
2,Kept
2,Kept
2,Kept
2,Kept
2,Kept
2,Kept
2,Kept
2,Kept
2,Kept
2,Kept
2,Kept
2,Kept
2,Kept
2,Kept
2,Kept
2,Kept
2,Kept
2,Kept
2,Kept
2,Kept
2,Kept
2,Kept
2,Kept
2,Kept
2,Kept
2,Kept
2,Kept
2,Kept
2,Kept
2,Kept
2,Kept
2,Kept
2,Kept
2,Kept
2,Kept
2,Kept
2,Kept
2,Kept
2,Kept
2,Kept
2,Kept
2,Kept
2,Kept
2,Kept
2,Kept
2,Kept
2,Kept
2,Kept
2,Kept
2,Kept
2,Kept
2,Kept
2,Kept
2,Kept
2,Kept
2,Kept
2,Kept
2,Kept
2,Kept
2,Kept
2,Kept
2,Kept
2,Kept
2,Kept
2,Kept
2,Kept
2,Kept
2,Kept
2,Kept
2,Kept
2,Kept
2,Kept
2,Kept
2,Kept
2,Kept
2,Kept
2,Kept
2,Kept
2,Kept
2,Kept
2,Kept
2,Kept
2,Kept
2,Kept
2,Kept
2,Kept
2,Kept
2,Kept
2,Kept
2,Kept
2,Kept
2,Kept
2,Kept
2,Kept
2,Kept
2,Kept
2,Kept
2,Kept
2,Kept
2,Kept
2,Kept
2,Kept
2,Kept
2,Kept
2,Kept
2,Kept
2,Kept
2,Kept
2,Kept
2,Kept
2,Kept
2,Kept
2,Kept
2,Kept
2,Kept
2,Kept
2,Kept
2,Kept
2,Kept
2,Kept
2,Kept
2,Kept
2,Kept
2,Kept
2,Kept
2,Kept
2,Kept
2,Kept
2,Kept
2,Kept
2,Kept
2,Kept
2,Kept
2,Kept
2,Kept
2,Kept
2,Kept
2,Kept
2,Kept
2,Kept
2,Kept
2,Kept
2,Kept
2,Kept
2,Kept
2,Kept
2,Kept
2,Kept
2,Kept
2,Kept
2,Kept
2,Kept
2,Kept
2,Kept
2,Kept
2,Kept
2,Kept
2,Kept
2,Kept
2,Kept
2,Kept
2,Kept
2,Kept
2,Kept
2,Kept
2,Kept
2,Kept
2,Kept
2,Kept
2,Kept
2,Kept
2,Kept
2,Kept
2,Kept
2,Kept
2,Kept
2,Kept
2,Kept
2,Kept
2,Kept
2,Kept
2,Kept
2,Kept
2,Kept
2,Kept
2,Kept
2,Kept
2,Kept
2,Kept
2,Kept
2,Kept
2,Kept
2,Kept
2,Kept
2,Kept
2,Kept
2,Kept
2,Kept
2,Kept
2,Kept
2,Kept
2,Kept
2,Kept
2,Kept
2,Kept
2,Kept
2,Kept
2,Kept
2,Kept
2,Kept
2,Kept
2,Kept
2,Kept
2,Kept
2,Kept
2,Kept
2,Kept
2,Kept
2,Kept
2,Kept
2,Kept
2,Kept
2,Kept
2,Kept
2,Kept
2,Kept
2,Kept
2,Kept
2,Kept
2,Kept
2,Kept
2,Kept
2,Kept
2,Kept
2,Kept
2,Kept
2,Kept
2,Kept
2,Kept
2,Kept
2,Kept
2,Kept
2,Kept
2,Kept
2,Kept
2,Kept
2,Kept
2,Kept
2,Kept
2,Kept
2,Kept
2,Kept
2,Kept
2,Kept
2,Kept
2,Kept
2,Kept
2,Kept
2,Kept
2,Kept
2,Kept
2,Kept
2,Kept
2,Kept
2,Kept
2,Kept
2,Kept
2,Kept
2,Kept
2,Kept
2,Kept
2,Kept
2,Kept
2,Kept
2,Kept
2,Kept
2,Kept
2,Kept
2,Kept
2,Kept
2,Kept
2,Kept
2,Kept
2,Kept
2,Kept
2,Kept
2,Kept
2,Kept
2,Kept
2,Kept
2,Kept
2,Kept
2,Kept
2,Kept
2,Kept
2,Kept
2,Kept
2,Kept
2,Kept
2,Kept
2,Kept
2,Kept
2,Kept
2,Kept
2,Kept
2,Kept
2,Kept
2,Kept
2,Kept
2,Kept
2,Kept
2,Kept
2,Kept
2,Kept
2,Kept
2,Kept
2,Kept
2,Kept
2,Kept
2,Kept
2,Kept
2,Kept
2,Kept
2,Kept
2,Kept
2,Kept
2,Kept
2,Kept
2,Kept
2,Kept
2,Kept
2,Kept
2,Kept
2,Kept
2,Kept
2,Kept
2,Kept
2,Kept
2,Kept
2,Kept
2,Kept
2,Kept
2,Kept
2,Kept
2,Kept
2,Kept
2,Kept
2,Kept
2,Kept
2,Kept
2,Kept
2,Kept
2,Kept
2,Kept
2,Kept
2,Kept
2,Kept
2,Kept
2,Kept
2,Kept
2,Kept
2,Kept
2,Kept
2,Kept
2,Kept
2,Kept
2,Kept
2,Kept
2,Kept
2,Kept
2,Kept
2,Kept
2,Kept
2,Kept
2,Kept
2,Kept
2,Kept
2,Kept
2,Kept
2,Kept
2,Kept
2,Kept
2,Kept
2,Kept
2,Kept
2,Kept
2,Kept
2,Kept
2,Kept
2,Kept
2,Kept
2,Kept
2,Kept
2,Kept
2,Kept
2,Kept
2,Kept
2,Kept
2,Kept
2,Kept
2,Kept
2,Kept
2,Kept
2,Kept
2,Kept
2,Kept
2,Kept
2,Kept
2,Kept
2,Kept
2,Kept
2,Kept
2,Kept
2,Kept
2,Kept
2,Kept
2,Kept
2,Kept
2,Kept
2,Kept
2,Kept
2,Kept
2,Kept
2,Kept
2,Kept
2,Kept
2,Kept
2,Kept
2,Kept
2,Kept
2,Kept
2,Kept
2,Kept
2,Kept
2,Kept
2,Kept
2,Kept
2,Kept
2,Kept
2,Kept
2,Kept
2,Kept
2,Kept
2,Kept
2,Kept
2,Kept
2,Kept
2,Kept
2,Kept
2,Kept
2,Kept
2,Kept
2,Kept
2,Kept
2,Kept
2,Kept
2,Kept
2,Kept
2,Kept
2,Kept
2,Kept
2,Kept
2,Kept
2,Kept
2,Kept
2,Kept
2,Kept
2,Kept
2,Kept
2,Kept
2,Kept
2,Kept
2,Kept
2,Kept
2,Kept
2,Kept
2,Kept
2,Kept
2,Kept
2,Kept
2,Kept
2,Kept
2,Kept
2,Kept
2,Kept
2,Kept
2,Kept
2,Kept
2,Kept
2,Kept
2,Kept
2,Kept
2,Kept
2,Kept
2,Kept
2,Kept
2,Kept
2,Kept
2,Kept
2,Kept
2,Kept
2,Kept
2,Kept
2,Kept
2,Kept
2,Kept
2,Kept
2,Kept
2,Kept
2,Kept
2,Kept
2,Kept
2,Kept
2,Kept
2,Kept
2,Kept
2,Kept
2,Kept
2,Kept
2,Kept
2,Kept
2,Kept
2,Kept
2,Kept
2,Kept
2,Kept
2,Kept
2,Kept
2,Kept
2,Kept
2,Kept
2,Kept
2,Kept
2,Kept
2,Kept
2,Kept
2,Kept
2,Kept
2,Kept
2,Kept
2,Kept
2,Kept
2,Kept
2,Kept
2,Kept
2,Kept
2,Kept
2,Kept
2,Kept
2,Kept
2,Kept
2,Kept
2,Kept
2,Kept
2,Kept
2,Kept
2,Kept
2,Kept
2,Kept
2,Kept
2,Kept
2,Kept
2,Kept
2,Kept
2,Kept
2,Kept
2,Kept
2,Kept
2,Kept
2,Kept
2,Kept
2,Kept
2,Kept
2,Kept
2,Kept
2,Kept
2,Kept
2,Kept
2,Kept
2,Kept
2,Kept
2,Kept
2,Kept
2,Kept
2,Kept
2,Kept
2,Kept
2,Kept
2,Kept
2,Kept
2,Kept
2,Kept
2,Kept
2,Kept
2,Kept
2,Kept
2,Kept
2,Kept
2,Kept
2,Kept
2,Kept
2,Kept
2,Kept
2,Kept
2,Kept
2,Kept
2,Kept
2,Kept
2,Kept
2,Kept
2,Kept
2,Kept
2,Kept
2,Kept
2,Kept
2,Kept
2,Kept
2,Kept
2,Kept
2,Kept
2,Kept
2,Kept
2,Kept
2,Kept
2,Kept
2,Kept
2,Kept
2,Kept
2,Kept
2,Kept
2,Kept
2,Kept
2,Kept
2,Kept
2,Kept
2,Kept
2,Kept
2,Kept
2,Kept
2,Kept
2,Kept
2,Kept
2,Kept
2,Kept
2,Kept
2,Kept
2,Kept
2,Kept
2,Kept
2,Kept
2,Kept
2,Kept
2,Kept
2,Kept
2,Kept
2,Kept
2,Kept
2,Kept
2,Kept
2,Kept
2,Kept
2,Kept
2,Kept
2,Kept
2,Kept
2,Kept
2,Kept
2,Kept
2,Kept
2,Kept
2,Kept
2,Kept
2,Kept
2,Kept
2,Kept
2,Kept
2,Kept
2,Kept
2,Kept
2,Kept
2,Kept
2,Kept
2,Kept
2,Kept
2,Kept
2,Kept
2,Kept
2,Kept
2,Kept
2,Kept
2,Kept
2,Kept
2,Kept
2,Kept
2,Kept
2,Kept
2,Kept
2,Kept
2,Kept
2,Kept
2,Kept
2,Kept
2,Kept
2,Kept
2,Kept
2,Kept
2,Kept
2,Kept
2,Kept
2,Kept
2,Kept
2,Kept
2,Kept
2,Kept
2,Kept
2,Kept
2,Kept
2,Kept
2,Kept
2,Kept
2,Kept
2,Kept
2,Kept
2,Kept
2,Kept
2,Kept
2,Kept
2,Kept
2,Kept
2,Kept
2,Kept
2,Kept
2,Kept
2,Kept
2,Kept
2,Kept
2,Kept
2,Kept
2,Kept
2,Kept
2,Kept
2,Kept
2,Kept
2,Kept
2,Kept
2,Kept
2,Kept
2,Kept
2,Kept
2,Kept
2,Kept
2,Kept
2,Kept
2,Kept
2,Kept
2,Kept
2,Kept
2,Kept
2,Kept
2,Kept
2,Kept
2,Kept
2,Kept
2,Kept
2,Kept
2,Kept
2,Kept
2,Kept
2,Kept
2,Kept
2,Kept
2,Kept
2,Kept
2,Kept
2,Kept
2,Kept
2,Kept
2,Kept
2,Kept
2,Kept
2,Kept
2,Kept
2,Kept
2,Kept
2,Kept
2,Kept
2,Kept
2,Kept
2,Kept
2,Kept
2,Kept
2,Kept
2,Kept
2,Kept
2,Kept
2,Kept
2,Kept
2,Kept
2,Kept
2,Kept
2,Kept
2,Kept
2,Kept
2,Kept
2,Kept
2,Kept
2,Kept
2,Kept
2,Kept
2,Kept
2,Kept
2,Kept
2,Kept
2,Kept
2,Kept
2,Kept
2,Kept
2,Kept
2,Kept
2,Kept
2,Kept
2,Kept
2,Kept
2,Kept
2,Kept
2,Kept
2,Kept
2,Kept
2,Kept
2,Kept
2,Kept
2,Kept
2,Kept
2,Kept
2,Kept
2,Kept
2,Kept
2,Kept
2,Kept
2,Kept
2,Kept
2,Kept
2,Kept
2,Kept
2,Kept
2,Kept
2,Kept
2,Kept
2,Kept
2,Kept
2,Kept
2,Kept
2,Kept
2,Kept
2,Kept
2,Kept
2,Kept
2,Kept
2,Kept
2,Kept
2,Kept
2,Kept
2,Kept
2,Kept
2,Kept
2,Kept
2,Kept
2,Kept
2,Kept
2,Kept
2,Kept
2,Kept
2,Kept
2,Kept
2,Kept
2,Kept
2,Kept
2,Kept
2,Kept
2,Kept
2,Kept
2,Kept
2,Kept
2,Kept
2,Kept
2,Kept
2,Kept
2,Kept
2,Kept
2,Kept
2,Kept
2,Kept
2,Kept
2,Kept
2,Kept
2,Kept
2,Kept
2,Kept
2,Kept
2,Kept
2,Kept
2,Kept
2,Kept
2,Kept
2,Kept
2,Kept
2,Kept
2,Kept
2,Kept
2,Kept
2,Kept
2,Kept
2,Kept
2,Kept
2,Kept
2,Kept
2,Kept
2,Kept
2,Kept
2,Kept
2,Kept
2,Kept
2,Kept
2,Kept
2,Kept
2,Kept
2,Kept
2,Kept
2,Kept
2,Kept
2,Kept
2,Kept
2,Kept
2,Kept
2,Kept
2,Kept
2,Kept
2,Kept
2,Kept
2,Kept
2,Kept
2,Kept
2,Kept
2,Kept
2,Kept
2,Kept
2,Kept
2,Kept
2,Kept
2,Kept
2,Kept
2,Kept
2,Kept
2,Kept
2,Kept
2,Kept
2,Kept
2,Kept
2,Kept
2,Kept
2,Kept
2,Kept
2,Kept
2,Kept
2,Kept
2,Kept
2,Kept
2,Kept
2,Kept
2,Kept
2,Kept
2,Kept
2,Kept
2,Kept
2,Kept
2,Kept
2,Kept
2,Kept
2,Kept
2,Kept
2,Kept
2,Kept
2,Kept
2,Kept
2,Kept
2,Kept
2,Kept
2,Kept
2,Kept
2,Kept
2,Kept
2,Kept
2,Kept
2,Kept
2,Kept
2,Kept
2,Kept
2,Kept
2,Kept
2,Kept
2,Kept
2,Kept
2,Kept
2,Kept
2,Kept
2,Kept
2,Kept
2,Kept
2,Kept
2,Kept
2,Kept
2,Kept
2,Kept
2,Kept
2,Kept
2,Kept
2,Kept
2,Kept
2,Kept
2,Kept
2,Kept
2,Kept
2,Kept
2,Kept
2,Kept
2,Kept
2,Kept
2,Kept
2,Kept
2,Kept
2,Kept
2,Kept
2,Kept
2,Kept
2,Kept
2,Kept
2,Kept
2,Kept
2,Kept
2,Kept
2,Kept
2,Kept
2,Kept
2,Kept
2,Kept
2,Kept
2,Kept
2,Kept
2,Kept
2,Kept
2,Kept
2,Kept
2,Kept
2,Kept
2,Kept
2,Kept
2,Kept
2,Kept
2,Kept
2,Kept
2,Kept
2,Kept
2,Kept
2,Kept
2,Kept
2,Kept
2,Kept
2,Kept
2,Kept
2,Kept
2,Kept
2,Kept
2,Kept
2,Kept
2,Kept
2,Kept
2,Kept
2,Kept
2,Kept
2,Kept
2,Kept
2,Kept
2,Kept
2,Kept
2,Kept
2,Kept
2,Kept
2,Kept
2,Kept
2,Kept
2,Kept
2,Kept
2,Kept
2,Kept
2,Kept
2,Kept
2,Kept
2,Kept
2,Kept
2,Kept
2,Kept
2,Kept
2,Kept
2,Kept
2,Kept
2,Kept
2,Kept
2,Kept
2,Kept
2,Kept
2,Kept
2,Kept
2,Kept
2,Kept
2,Kept
2,Kept
2,Kept
2,Kept
2,Kept
2,Kept
2,Kept
2,Kept
2,Kept
2,Kept
2,Kept
2,Kept
2,Kept
2,Kept
2,Kept
2,Kept
2,Kept
2,Kept
2,Kept
2,Kept
2,Kept
2,Kept
2,Kept
2,Kept
2,Kept
2,Kept
2,Kept
2,Kept
2,Kept
2,Kept
2,Kept
2,Kept
2,Kept
2,Kept
2,Kept
2,Kept
2,Kept
2,Kept
2,Kept
2,Kept
2,Kept
2,Kept
2,Kept
2,Kept
2,Kept
2,Kept
2,Kept
2,Kept
2,Kept
2,Kept
2,Kept
2,Kept
2,Kept
2,Kept
2,Kept
2,Kept
2,Kept
2,Kept
2,Kept
2,Kept
2,Kept
2,Kept
2,Kept
2,Kept
2,Kept
2,Kept
2,Kept
2,Kept
2,Kept
2,Kept
2,Kept
2,Kept
2,Kept
2,Kept
2,Kept
2,Kept
2,Kept
2,Kept
2,Kept
2,Kept
2,Kept
2,Kept
2,Kept
2,Kept
2,Kept
2,Kept
2,Kept
2,Kept
2,Kept
2,Kept
2,Kept
2,Kept
2,Kept
2,Kept
2,Kept
2,Kept
2,Kept
2,Kept
2,Kept
2,Kept
2,Kept
2,Kept
2,Kept
2,Kept
2,Kept
2,Kept
2,Kept
2,Kept
2,Kept
2,Kept
2,Kept
2,Kept
2,Kept
2,Kept
2,Kept
2,Kept
2,Kept
2,Kept
2,Kept
2,Kept
2,Kept
2,Kept
2,Kept
2,Kept
2,Kept
2,Kept
2,Kept
2,Kept
2,Kept
2,Kept
2,Kept
2,Kept
2,Kept
2,Kept
2,Kept
2,Kept
2,Kept
2,Kept
2,Kept
2,Kept
2,Kept
2,Kept
2,Kept
2,Kept
2,Kept
2,Kept
2,Kept
2,Kept
2,Kept
2,Kept
2,Kept
2,Kept
2,Kept
2,Kept
2,Kept
2,Kept
2,Kept
2,Kept
2,Kept
2,Kept
2,Kept
2,Kept
2,Kept
2,Kept
2,Kept
2,Kept
2,Kept
2,Kept
2,Kept
2,Kept
2,Kept
2,Kept
2,Kept
2,Kept
2,Kept
2,Kept
2,Kept
2,Kept
2,Kept
2,Kept
2,Kept
2,Kept
2,Kept
2,Kept
2,Kept
2,Kept
2,Kept
2,Kept
2,Kept
2,Kept
2,Kept
2,Kept
2,Kept
2,Kept
2,Kept
2,Kept
2,Kept
2,Kept
2,Kept
2,Kept
2,Kept
2,Kept
2,Kept
2,Kept
2,Kept
2,Kept
2,Kept
2,Kept
2,Kept
2,Kept
2,Kept
2,Kept
2,Kept
2,Kept
2,Kept
2,Kept
2,Kept
2,Kept
2,Kept
2,Kept
2,Kept
2,Kept
2,Kept
2,Kept
2,Kept
2,Kept
2,Kept
2,Kept
2,Kept
2,Kept
2,Kept
2,Kept
2,Kept
2,Kept
2,Kept
2,Kept
2,Kept
2,Kept
2,Kept
2,Kept
2,Kept
2,Kept
2,Kept
2,Kept
2,Kept
2,Kept
2,Kept
2,Kept
2,Kept
2,Kept
2,Kept
2,Kept
2,Kept
2,Kept
2,Kept
2,Kept
2,Kept
2,Kept
2,Kept
2,Kept
2,Kept
2,Kept
2,Kept
2,Kept
2,Kept
2,Kept
2,Kept
2,Kept
2,Kept
2,Kept
2,Kept
2,Kept
2,Kept
2,Kept
2,Kept
2,Kept
2,Kept
2,Kept
2,Kept
2,Kept
2,Kept
2,Kept
2,Kept
2,Kept
2,Kept
2,Kept
2,Kept
2,Kept
2,Kept
2,Kept
2,Kept
2,Kept
2,Kept
2,Kept
2,Kept
2,Kept
2,Kept
2,Kept
2,Kept
2,Kept
2,Kept
2,Kept
2,Kept
2,Kept
2,Kept
2,Kept
2,Kept
2,Kept
2,Kept
2,Kept
2,Kept
2,Kept
2,Kept
2,Kept
2,Kept
2,Kept
2,Kept
2,Kept
2,Kept
2,Kept
2,Kept
2,Kept
2,Kept
2,Kept
2,Kept
2,Kept
2,Kept
2,Kept
2,Kept
2,Kept
2,Kept
2,Kept
2,Kept
2,Kept
2,Kept
2,Kept
2,Kept
2,Kept
2,Kept
2,Kept
2,Kept
2,Kept
2,Kept
2,Kept
2,Kept
2,Kept
2,Kept
2,Kept
2,Kept
2,Kept
2,Kept
2,Kept
2,Kept
2,Kept
2,Kept
2,Kept
2,Kept
2,Kept
2,Kept
2,Kept
2,Kept
2,Kept
2,Kept
2,Kept
2,Kept
2,Kept
2,Kept
2,Kept
2,Kept
2,Kept
2,Kept
2,Kept
2,Kept
2,Kept
2,Kept
2,Kept
2,Kept
2,Kept
2,Kept
2,Kept
2,Kept
2,Kept
2,Kept
2,Kept
2,Kept
2,Kept
2,Kept
2,Kept
2,Kept
2,Kept
2,Kept
2,Kept
2,Kept
2,Kept
2,Kept
2,Kept
2,Kept
2,Kept
2,Kept
2,Kept
2,Kept
2,Kept
2,Kept
2,Kept
2,Kept
2,Kept
2,Kept
2,Kept
2,Kept
2,Kept
2,Kept
2,Kept
2,Kept
2,Kept
2,Kept
2,Kept
2,Kept
2,Kept
2,Kept
2,Kept
2,Kept
2,Kept
2,Kept
2,Kept
2,Kept
2,Kept
2,Kept
2,Kept
2,Kept
2,Kept
2,Kept
2,Kept
2,Kept
2,Kept
2,Kept
2,Kept
2,Kept
2,Kept
2,Kept
2,Kept
2,Kept
2,Kept
2,Kept
2,Kept
2,Kept
2,Kept
2,Kept
2,Kept
2,Kept
2,Kept
2,Kept
2,Kept
2,Kept
2,Kept
2,Kept
2,Kept
2,Kept
2,Kept
2,Kept
2,Kept
2,Kept
2,Kept
2,Kept
2,Kept
2,Kept
2,Kept
2,Kept
2,Kept
2,Kept
2,Kept
2,Kept
2,Kept
2,Kept
2,Kept
2,Kept
2,Kept
2,Kept
2,Kept
2,Kept
2,Kept
2,Kept
2,Kept
2,Kept
2,Kept
2,Kept
2,Kept
2,Kept
2,Kept
2,Kept
2,Kept
2,Kept
2,Kept
2,Kept
2,Kept
2,Kept
2,Kept
2,Kept
2,Kept
2,Kept
2,Kept
2,Kept
2,Kept
2,Kept
2,Kept
2,Kept
2,Kept
2,Kept
2,Kept
2,Kept
2,Kept
2,Kept
2,Kept
2,Kept
2,Kept
2,Kept
2,Kept
2,Kept
2,Kept
2,Kept
2,Kept
2,Kept
2,Kept
2,Kept
2,Kept
2,Kept
2,Kept
2,Kept
2,Kept
2,Kept
2,Kept
2,Kept
2,Kept
2,Kept
2,Kept
2,Kept
2,Kept
2,Kept
2,Kept
2,Kept
2,Kept
2,Kept
2,Kept
2,Kept
2,Kept
2,Kept
2,Kept
2,Kept
2,Kept
2,Kept
2,Kept
2,Kept
2,Kept
2,Kept
2,Kept
2,Kept
2,Kept
2,Kept
2,Kept
2,Kept
2,Kept
2,Kept
2,Kept
2,Kept
2,Kept
2,Kept
2,Kept
2,Kept
2,Kept
2,Kept
2,Kept
2,Kept
2,Kept
2,Kept
2,Kept
2,Kept
2,Kept
2,Kept
2,Kept
2,Kept
2,Kept
2,Kept
2,Kept
2,Kept
2,Kept
2,Kept
2,Kept
2,Kept
2,Kept
2,Kept
2,Kept
2,Kept
2,Kept
2,Kept
2,Kept
2,Kept
2,Kept
2,Kept
2,Kept
2,Kept
2,Kept
2,Kept
2,Kept
2,Kept
2,Kept
2,Kept
2,Kept
2,Kept
2,Kept
2,Kept
2,Kept
2,Kept
2,Kept
2,Kept
2,Kept
2,Kept
2,Kept
2,Kept
2,Kept
2,Kept
2,Kept
2,Kept
2,Kept
2,Kept
2,Kept
2,Kept
2,Kept
2,Kept
2,Kept
2,Kept
2,Kept
2,Kept
2,Kept
2,Kept
2,Kept
2,Kept
2,Kept
2,Kept
2,Kept
2,Kept
2,Kept
2,Kept
2,Kept
2,Kept
2,Kept
2,Kept
2,Kept
2,Kept
2,Kept
2,Kept
2,Kept
2,Kept
2,Kept
2,Kept
2,Kept
2,Kept
2,Kept
2,Kept
2,Kept
2,Kept
2,Kept
2,Kept
2,Kept
2,Kept
2,Kept
2,Kept
2,Kept
2,Kept
2,Kept
2,Kept
2,Kept
2,Kept
2,Kept
2,Kept
2,Kept
2,Kept
2,Kept
2,Kept
2,Kept
2,Kept
2,Kept
2,Kept
2,Kept
2,Kept
2,Kept
2,Kept
2,Kept
2,Kept
2,Kept
2,Kept
2,Kept
2,Kept
2,Kept
2,Kept
2,Kept
2,Kept
2,Kept
2,Kept
2,Kept
2,Kept
2,Kept
2,Kept
2,Kept
2,Kept
2,Kept
2,Kept
2,Kept
2,Kept
2,Kept
2,Kept
2,Kept
2,Kept
2,Kept
2,Kept
2,Kept
2,Kept
2,Kept
2,Kept
2,Kept
2,Kept
2,Kept
2,Kept
2,Kept
2,Kept
2,Kept
2,Kept
2,Kept
2,Kept
2,Kept
2,Kept
2,Kept
2,Kept
2,Kept
2,Kept
2,Kept
2,Kept
2,Kept
2,Kept
2,Kept
2,Kept
2,Kept
2,Kept
2,Kept
2,Kept
2,Kept
2,Kept
2,Kept
2,Kept
2,Kept
2,Kept
2,Kept
2,Kept
2,Kept
2,Kept
2,Kept
2,Kept
2,Kept
2,Kept
2,Kept
2,Kept
2,Kept
2,Kept
2,Kept
2,Kept
2,Kept
2,Kept
2,Kept
2,Kept
2,Kept
2,Kept
2,Kept
2,Kept
2,Kept
2,Kept
2,Kept
2,Kept
2,Kept
2,Kept
2,Kept
2,Kept
2,Kept
2,Kept
2,Kept
2,Kept
2,Kept
2,Kept
2,Kept
2,Kept
2,Kept
2,Kept
2,Kept
2,Kept
2,Kept
2,Kept
2,Kept
2,Kept
2,Kept
2,Kept
2,Kept
2,Kept
2,Kept
2,Kept
2,Kept
2,Kept
2,Kept
2,Kept
2,Kept
2,Kept
2,Kept
2,Kept
2,Kept
2,Kept
2,Kept
2,Kept
2,Kept
2,Kept
2,Kept
2,Kept
2,Kept
2,Kept
2,Kept
2,Kept
2,Kept
2,Kept
2,Kept
2,Kept
2,Kept
2,Kept
2,Kept
2,Kept
2,Kept
2,Kept
2,Kept
2,Kept
2,Kept
2,Kept
2,Kept
2,Kept
2,Kept
2,Kept
2,Kept
2,Kept
2,Kept
2,Kept
2,Kept
2,Kept
2,Kept
2,Kept
2,Kept
2,Kept
2,Kept
2,Kept
2,Kept
2,Kept
2,Kept
2,Kept
2,Kept
2,Kept
2,Kept
2,Kept
2,Kept
2,Kept
2,Kept
2,Kept
2,Kept
2,Kept
2,Kept
2,Kept
2,Kept
2,Kept
2,Kept
2,Kept
2,Kept
2,Kept
2,Kept
2,Kept
2,Kept
2,Kept
2,Kept
2,Kept
2,Kept
2,Kept
2,Kept
2,Kept
2,Kept
2,Kept
2,Kept
2,Kept
2,Kept
2,Kept
2,Kept
2,Kept
2,Kept
2,Kept
2,Kept
2,Kept
2,Kept
2,Kept
2,Kept
2,Kept
2,Kept
2,Kept
2,Kept
2,Kept
2,Kept
2,Kept
2,Kept
2,Kept
2,Kept
2,Kept
2,Kept
2,Kept
2,Kept
2,Kept
2,Kept
2,Kept
2,Kept
2,Kept
2,Kept
2,Kept
2,Kept
2,Kept
2,Kept
2,Kept
2,Kept
2,Kept
2,Kept
2,Kept
2,Kept
2,Kept
2,Kept
2,Kept
2,Kept
2,Kept
2,Kept
2,Kept
2,Kept
2,Kept
2,Kept
2,Kept
2,Kept
2,Kept
2,Kept
2,Kept
2,Kept
2,Kept
2,Kept
2,Kept
2,Kept
2,Kept
2,Kept
2,Kept
2,Kept
2,Kept
2,Kept
2,Kept
2,Kept
2,Kept
2,Kept
2,Kept
2,Kept
2,Kept
2,Kept
2,Kept
2,Kept
2,Kept
2,Kept
2,Kept
2,Kept
2,Kept
2,Kept
2,Kept
2,Kept
2,Kept
2,Kept
2,Kept
2,Kept
2,Kept
2,Kept
2,Kept
2,Kept
2,Kept
2,Kept
2,Kept
2,Kept
2,Kept
2,Kept
2,Kept
2,Kept
2,Kept
2,Kept
2,Kept
2,Kept
2,Kept
2,Kept
2,Kept
2,Kept
2,Kept
2,Kept
2,Kept
2,Kept
2,Kept
2,Kept
2,Kept
2,Kept
2,Kept
2,Kept
2,Kept
2,Kept
2,Kept
2,Kept
2,Kept
2,Kept
2,Kept
2,Kept
2,Kept
2,Kept
2,Kept
2,Kept
2,Kept
2,Kept
2,Kept
2,Kept
2,Kept
2,Kept
2,Kept
2,Kept
2,Kept
2,Kept
2,Kept
2,Kept
2,Kept
2,Kept
2,Kept
2,Kept
2,Kept
2,Kept
2,Kept
2,Kept
2,Kept
2,Kept
2,Kept
2,Kept
2,Kept
2,Kept
2,Kept
2,Kept
2,Kept
2,Kept
2,Kept
2,Kept
2,Kept
2,Kept
2,Kept
2,Kept
2,Kept
2,Kept
2,Kept
2,Kept
2,Kept
2,Kept
2,Kept
2,Kept
2,Kept
2,Kept
2,Kept
2,Kept
2,Kept
2,Kept
2,Kept
2,Kept
2,Kept
2,Kept
2,Kept
2,Kept
2,Kept
2,Kept
2,Kept
2,Kept
2,Kept
2,Kept
2,Kept
2,Kept
2,Kept
2,Kept
2,Kept
2,Kept
2,Kept
2,Kept
2,Kept
2,Kept
2,Kept
2,Kept
2,Kept
2,Kept
2,Kept
2,Kept
2,Kept
2,Kept
2,Kept
2,Kept
2,Kept
2,Kept
2,Kept
2,Kept
2,Kept
2,Kept
2,Kept
2,Kept
2,Kept
2,Kept
2,Kept
2,Kept
2,Kept
2,Kept
2,Kept
2,Kept
2,Kept
2,Kept
2,Kept
2,Kept
2,Kept
2,Kept
2,Kept
2,Kept
2,Kept
2,Kept
2,Kept
2,Kept
2,Kept
2,Kept
2,Kept
2,Kept
2,Kept
2,Kept
2,Kept
2,Kept
2,Kept
2,Kept
2,Kept
2,Kept
2,Kept
2,Kept
2,Kept
2,Kept
2,Kept
2,Kept
2,Kept
2,Kept
2,Kept
2,Kept
2,Kept
2,Kept
2,Kept
2,Kept
2,Kept
2,Kept
2,Kept
2,Kept
2,Kept
2,Kept
2,Kept
2,Kept
2,Kept
2,Kept
2,Kept
2,Kept
2,Kept
2,Kept
2,Kept
2,Kept
2,Kept
2,Kept
2,Kept
2,Kept
2,Kept
2,Kept
2,Kept
2,Kept
2,Kept
2,Kept
2,Kept
2,Kept
2,Kept
2,Kept
2,Kept
2,Kept
2,Kept
2,Kept
2,Kept
2,Kept
2,Kept
2,Kept
2,Kept
2,Kept
2,Kept
2,Kept
2,Kept
2,Kept
2,Kept
2,Kept
2,Kept
2,Kept
2,Kept
2,Kept
2,Kept
2,Kept
2,Kept
2,Kept
2,Kept
2,Kept
2,Kept
2,Kept
2,Kept
2,Kept
2,Kept
2,Kept
2,Kept
2,Kept
2,Kept
2,Kept
2,Kept
2,Kept
2,Kept
2,Kept
2,Kept
2,Kept
2,Kept
2,Kept
2,Kept
2,Kept
2,Kept
2,Kept
2,Kept
2,Kept
2,Kept
2,Kept
2,Kept
2,Kept
2,Kept
2,Kept
2,Kept
2,Kept
2,Kept
2,Kept
2,Kept
2,Kept
2,Kept
2,Kept
2,Kept
2,Kept
2,Kept
2,Kept
2,Kept
2,Kept
2,Kept
2,Kept
2,Kept
2,Kept
2,Kept
2,Kept
2,Kept
2,Kept
2,Kept
2,Kept
2,Kept
2,Kept
2,Kept
2,Kept
2,Kept
2,Kept
2,Kept
2,Kept
2,Kept
2,Kept
2,Kept
2,Kept
2,Kept
2,Kept
2,Kept
2,Kept
2,Kept
2,Kept
2,Kept
2,Kept
2,Kept
2,Kept
2,Kept
2,Kept
2,Kept
2,Kept
2,Kept
2,Kept
2,Kept
2,Kept
2,Kept
2,Kept
2,Kept
2,Kept
2,Kept
2,Kept
2,Kept
2,Kept
2,Kept
2,Kept
2,Kept
2,Kept
2,Kept
2,Kept
2,Kept
2,Kept
2,Kept
2,Kept
2,Kept
2,Kept
2,Kept
2,Kept
2,Kept
2,Kept
2,Kept
2,Kept
2,Kept
2,Kept
2,Kept
2,Kept
2,Kept
2,Kept
2,Kept
2,Kept
2,Kept
2,Kept
2,Kept
2,Kept
2,Kept
2,Kept
2,Kept
2,Kept
2,Kept
2,Kept
2,Kept
2,Kept
2,Kept
2,Kept
2,Kept
2,Kept
2,Kept
2,Kept
2,Kept
2,Kept
2,Kept
2,Kept
2,Kept
2,Kept
2,Kept
2,Kept
2,Kept
2,Kept
2,Kept
2,Kept
2,Kept
2,Kept
2,Kept
2,Kept
2,Kept
2,Kept
2,Kept
2,Kept
2,Kept
2,Kept
2,Kept
2,Kept
2,Kept
2,Kept
2,Kept
2,Kept
2,Kept
2,Kept
2,Kept
2,Kept
2,Kept
2,Kept
2,Kept
2,Kept
2,Kept
2,Kept
2,Kept
2,Kept
2,Kept
2,Kept
2,Kept
2,Kept
2,Kept
2,Kept
2,Kept
2,Kept
2,Kept
2,Kept
2,Kept
2,Kept
2,Kept
2,Kept
2,Kept
2,Kept
2,Kept
2,Kept
2,Kept
2,Kept
2,Kept
2,Kept
2,Kept
2,Kept
2,Kept
2,Kept
2,Kept
2,Kept
2,Kept
2,Kept
2,Kept
2,Kept
2,Kept
2,Kept
2,Kept
2,Kept
2,Kept
2,Kept
2,Kept
2,Kept
2,Kept
2,Kept
2,Kept
2,Kept
2,Kept
2,Kept
2,Kept
2,Kept
2,Kept
2,Kept
2,Kept
2,Kept
2,Kept
2,Kept
2,Kept
2,Kept
2,Kept
2,Kept
2,Kept
2,Kept
2,Kept
2,Kept
2,Kept
2,Kept
2,Kept
2,Kept
13,Removed
13,Removed
13,Removed
13,Removed
13,Removed
13,Removed
13,Removed
12,Removed
12,Removed
12,Removed
12,Removed
12,Removed
12,Removed
12,Removed
12,Removed
12,Removed
12,Removed
12,Removed
12,Removed
11,Removed
11,Removed
11,Removed
11,Removed
11,Removed
11,Removed
11,Removed
11,Removed
11,Removed
11,Removed
11,Removed
11,Removed
11,Removed
11,Removed
11,Removed
11,Removed
11,Removed
11,Removed
11,Removed
11,Removed
9,Removed
9,Removed
9,Removed
9,Removed
9,Removed
9,Removed
9,Removed
9,Removed
9,Removed
9,Removed
9,Removed
9,Removed
9,Removed
9,Removed
9,Removed
9,Removed
9,Removed
9,Removed
9,Removed
9,Removed
9,Removed
9,Removed
9,Removed
9,Removed
10,Removed
10,Removed
10,Removed
10,Removed
10,Removed
10,Removed
10,Removed
10,Removed
10,Removed
10,Removed
10,Removed
10,Removed
10,Removed
10,Removed
10,Removed
10,Removed
10,Removed
10,Removed
10,Removed
10,Removed
10,Removed
10,Removed
10,Removed
10,Removed
10,Removed
10,Removed
10,Removed
10,Removed
10,Removed
10,Removed
10,Removed
10,Removed
10,Removed
10,Removed
10,Removed
10,Removed
10,Removed
10,Removed
5,Removed
5,Removed
5,Removed
5,Removed
5,Removed
5,Removed
5,Removed
5,Removed
5,Removed
5,Removed
5,Removed
5,Removed
5,Removed
5,Removed
5,Removed
5,Removed
5,Removed
5,Removed
5,Removed
5,Removed
5,Removed
5,Removed
5,Removed
5,Removed
5,Removed
5,Removed
5,Removed
5,Removed
5,Removed
5,Removed
5,Removed
5,Removed
5,Removed
5,Removed
5,Removed
5,Removed
5,Removed
5,Removed
5,Removed
5,Removed
5,Removed
5,Removed
5,Removed
5,Removed
5,Removed
5,Removed
5,Removed
5,Removed
5,Removed
5,Removed
7,Removed
7,Removed
7,Removed
7,Removed
7,Removed
7,Removed
7,Removed
7,Removed
7,Removed
7,Removed
7,Removed
7,Removed
7,Removed
7,Removed
7,Removed
7,Removed
7,Removed
7,Removed
7,Removed
7,Removed
7,Removed
7,Removed
7,Removed
7,Removed
7,Removed
7,Removed
7,Removed
7,Removed
7,Removed
7,Removed
7,Removed
7,Removed
7,Removed
7,Removed
7,Removed
7,Removed
7,Removed
7,Removed
7,Removed
7,Removed
7,Removed
7,Removed
7,Removed
7,Removed
7,Removed
7,Removed
7,Removed
7,Removed
7,Removed
7,Removed
7,Removed
8,Removed
8,Removed
8,Removed
8,Removed
8,Removed
8,Removed
8,Removed
8,Removed
8,Removed
8,Removed
8,Removed
8,Removed
8,Removed
8,Removed
8,Removed
8,Removed
8,Removed
8,Removed
8,Removed
8,Removed
8,Removed
8,Removed
8,Removed
8,Removed
8,Removed
8,Removed
8,Removed
8,Removed
8,Removed
8,Removed
8,Removed
8,Removed
8,Removed
8,Removed
8,Removed
8,Removed
8,Removed
8,Removed
8,Removed
8,Removed
8,Removed
8,Removed
8,Removed
8,Removed
8,Removed
8,Removed
8,Removed
8,Removed
8,Removed
8,Removed
8,Removed
8,Removed
8,Removed
8,Removed
8,Removed
8,Removed
8,Removed
8,Removed
3,Removed
3,Removed
3,Removed
3,Removed
3,Removed
3,Removed
3,Removed
3,Removed
3,Removed
3,Removed
3,Removed
3,Removed
3,Removed
3,Removed
3,Removed
3,Removed
3,Removed
3,Removed
3,Removed
3,Removed
3,Removed
3,Removed
3,Removed
3,Removed
3,Removed
3,Removed
3,Removed
3,Removed
3,Removed
3,Removed
3,Removed
3,Removed
3,Removed
3,Removed
3,Removed
3,Removed
3,Removed
3,Removed
3,Removed
3,Removed
3,Removed
3,Removed
3,Removed
3,Removed
3,Removed
3,Removed
3,Removed
3,Removed
3,Removed
3,Removed
3,Removed
3,Removed
3,Removed
3,Removed
3,Removed
3,Removed
3,Removed
3,Removed
3,Removed
3,Removed
3,Removed
3,Removed
3,Removed
3,Removed
3,Removed
3,Removed
3,Removed
0,Removed
0,Removed
0,Removed
0,Removed
0,Removed
0,Removed
0,Removed
0,Removed
0,Removed
0,Removed
0,Removed
0,Removed
0,Removed
0,Removed
0,Removed
0,Removed
0,Removed
0,Removed
0,Removed
0,Removed
0,Removed
0,Removed
0,Removed
0,Removed
0,Removed
0,Removed
0,Removed
0,Removed
0,Removed
0,Removed
0,Removed
0,Removed
0,Removed
0,Removed
0,Removed
0,Removed
0,Removed
0,Removed
0,Removed
0,Removed
0,Removed
0,Removed
0,Removed
0,Removed
0,Removed
0,Removed
0,Removed
0,Removed
0,Removed
0,Removed
0,Removed
0,Removed
0,Removed
0,Removed
0,Removed
0,Removed
0,Removed
0,Removed
0,Removed
0,Removed
0,Removed
0,Removed
0,Removed
0,Removed
0,Removed
0,Removed
0,Removed
0,Removed
0,Removed
0,Removed
0,Removed
0,Removed
6,Removed
6,Removed
6,Removed
6,Removed
6,Removed
6,Removed
6,Removed
6,Removed
6,Removed
6,Removed
6,Removed
6,Removed
6,Removed
6,Removed
6,Removed
6,Removed
6,Removed
6,Removed
6,Removed
6,Removed
6,Removed
6,Removed
6,Removed
6,Removed
6,Removed
6,Removed
6,Removed
6,Removed
6,Removed
6,Removed
6,Removed
6,Removed
6,Removed
6,Removed
6,Removed
6,Removed
6,Removed
6,Removed
6,Removed
6,Removed
6,Removed
6,Removed
6,Removed
6,Removed
6,Removed
6,Removed
6,Removed
6,Removed
6,Removed
6,Removed
6,Removed
6,Removed
6,Removed
6,Removed
6,Removed
6,Removed
6,Removed
6,Removed
6,Removed
6,Removed
6,Removed
6,Removed
6,Removed
6,Removed
6,Removed
6,Removed
6,Removed
6,Removed
6,Removed
6,Removed
6,Removed
6,Removed
6,Removed
6,Removed
6,Removed
6,Removed
1,Removed
1,Removed
1,Removed
1,Removed
1,Removed
1,Removed
1,Removed
1,Removed
1,Removed
1,Removed
1,Removed
1,Removed
1,Removed
1,Removed
1,Removed
1,Removed
1,Removed
1,Removed
1,Removed
1,Removed
1,Removed
1,Removed
1,Removed
1,Removed
1,Removed
1,Removed
1,Removed
1,Removed
1,Removed
1,Removed
1,Removed
1,Removed
1,Removed
1,Removed
1,Removed
1,Removed
1,Removed
1,Removed
1,Removed
1,Removed
1,Removed
1,Removed
1,Removed
1,Removed
1,Removed
1,Removed
1,Removed
1,Removed
1,Removed
1,Removed
1,Removed
1,Removed
1,Removed
1,Removed
1,Removed
1,Removed
1,Removed
1,Removed
1,Removed
1,Removed
1,Removed
1,Removed
1,Removed
1,Removed
1,Removed
1,Removed
1,Removed
1,Removed
1,Removed
1,Removed
1,Removed
1,Removed
1,Removed
1,Removed
1,Removed
1,Removed
1,Removed
1,Removed
1,Removed
1,Removed
1,Removed
1,Removed
1,Removed
1,Removed
1,Removed
1,Removed
1,Removed
1,Removed
1,Removed
1,Removed
1,Removed
4,Removed
4,Removed
4,Removed
4,Removed
4,Removed
4,Removed
4,Removed
4,Removed
4,Removed
4,Removed
4,Removed
4,Removed
4,Removed
4,Removed
4,Removed
4,Removed
4,Removed
4,Removed
4,Removed
4,Removed
4,Removed
4,Removed
4,Removed
4,Removed
4,Removed
4,Removed
4,Removed
4,Removed
4,Removed
4,Removed
4,Removed
4,Removed
4,Removed
4,Removed
4,Removed
4,Removed
4,Removed
4,Removed
4,Removed
4,Removed
4,Removed
4,Removed
4,Removed
4,Removed
4,Removed
4,Removed
4,Removed
4,Removed
4,Removed
4,Removed
4,Removed
4,Removed
4,Removed
4,Removed
4,Removed
4,Removed
4,Removed
4,Removed
4,Removed
4,Removed
4,Removed
4,Removed
4,Removed
4,Removed
4,Removed
4,Removed
4,Removed
4,Removed
4,Removed
4,Removed
4,Removed
4,Removed
4,Removed
4,Removed
4,Removed
4,Removed
4,Removed
4,Removed
4,Removed
4,Removed
4,Removed
4,Removed
4,Removed
4,Removed
4,Removed
4,Removed
4,Removed
4,Removed
4,Removed
4,Removed
4,Removed
4,Removed
4,Removed
4,Removed
4,Removed
4,Removed
4,Removed
4,Removed
4,Removed
4,Removed
4,Removed
4,Removed
4,Removed
2,Removed
2,Removed
2,Removed
2,Removed
2,Removed
2,Removed
2,Removed
2,Removed
2,Removed
2,Removed
2,Removed
2,Removed
2,Removed
2,Removed
2,Removed
2,Removed
2,Removed
2,Removed
2,Removed
2,Removed
2,Removed
2,Removed
2,Removed
2,Removed
2,Removed
2,Removed
2,Removed
2,Removed
2,Removed
2,Removed
2,Removed
2,Removed
2,Removed
2,Removed
2,Removed
2,Removed
2,Removed
2,Removed
2,Removed
2,Removed
2,Removed
2,Removed
2,Removed
2,Removed
2,Removed
2,Removed
2,Removed
2,Removed
2,Removed
2,Removed
2,Removed
2,Removed
2,Removed
2,Removed
2,Removed
2,Removed
2,Removed
2,Removed
2,Removed
2,Removed
2,Removed
2,Removed
2,Removed
2,Removed
2,Removed
2,Removed
2,Removed
2,Removed
2,Removed
2,Removed
2,Removed
2,Removed
2,Removed
2,Removed
2,Removed
2,Removed
2,Removed
2,Removed
2,Removed
2,Removed
2,Removed
2,Removed
2,Removed
2,Removed
2,Removed
2,Removed
2,Removed
2,Removed
2,Removed
2,Removed
2,Removed
2,Removed
2,Removed
2,Removed
2,Removed
2,Removed
2,Removed
2,Removed
2,Removed
2,Removed
2,Removed
2,Removed
2,Removed
2,Removed
2,Removed
2,Removed
2,Removed
2,Removed
2,Removed
2,Removed
2,Removed
2,Removed
2,Removed
2,Removed
2,Removed
2,Removed
2,Removed
2,Removed
2,Removed
2,Removed
2,Removed
2,Removed
2,Removed
2,Removed
2,Removed
2,Removed
2,Removed
2,Removed
2,Removed
2,Removed
2,Removed
2,Removed
2,Removed
2,Removed
2,Removed
2,Removed
2,Removed
2,Removed
2,Removed
2,Removed
2,Removed
2,Removed
2,Removed
2,Removed
2,Removed
2,Removed
2,Removed
2,Removed
2,Removed
2,Removed
2,Removed
2,Removed
2,Removed
2,Removed
2,Removed
2,Removed
2,Removed
2,Removed
2,Removed
2,Removed
2,Removed
2,Removed
2,Removed
2,Removed
2,Removed
2,Removed
2,Removed
2,Removed
2,Removed
2,Removed
2,Removed
2,Removed
2,Removed
2,Removed
2,Removed
2,Removed
2,Removed
2,Removed
2,Removed
2,Removed
2,Removed
2,Removed
2,Removed
2,Removed
2,Removed
2,Removed
2,Removed
2,Removed
2,Removed
2,Removed
2,Removed
2,Removed
2,Removed
2,Removed
2,Removed
2,Removed
2,Removed
2,Removed
2,Removed
2,Removed
2,Removed
2,Removed
2,Removed
2,Removed
2,Removed
2,Removed
2,Removed
2,Removed
2,Removed
2,Removed
2,Removed
2,Removed
2,Removed
2,Removed
2,Removed
2,Removed
2,Removed
2,Removed
2,Removed
2,Removed
2,Removed
2,Removed
2,Removed
2,Removed
2,Removed
2,Removed
2,Removed
2,Removed
2,Removed
2,Removed
2,Removed
2,Removed
2,Removed
2,Removed
2,Removed
2,Removed
2,Removed
2,Removed
2,Removed
2,Removed
2,Removed
2,Removed
2,Removed
2,Removed
2,Removed
2,Removed
2,Removed
2,Removed
2,Removed
2,Removed
2,Removed
2,Removed
2,Removed
2,Removed
2,Removed
2,Removed
2,Removed
2,Removed
2,Removed
2,Removed
2,Removed
2,Removed
2,Removed
2,Removed
2,Removed
2,Removed
2,Removed
2,Removed
2,Removed
2,Removed
2,Removed
2,Removed
2,Removed
2,Removed
2,Removed
2,Removed
2,Removed
2,Removed
2,Removed
2,Removed
2,Removed
2,Removed
2,Removed
2,Removed
2,Removed
2,Removed
2,Removed
2,Removed
2,Removed
2,Removed
2,Removed
2,Removed
2,Removed
2,Removed
2,Removed
2,Removed
2,Removed
2,Removed
2,Removed
2,Removed
2,Removed
2,Removed
2,Removed
2,Removed
2,Removed
2,Removed
2,Removed
2,Removed
2,Removed
2,Removed
2,Removed
2,Removed
2,Removed
2,Removed
2,Removed
2,Removed
2,Removed
2,Removed
2,Removed
2,Removed
2,Removed
2,Removed
2,Removed
2,Removed
2,Removed
2,Removed
2,Removed
2,Removed
2,Removed
2,Removed
2,Removed
2,Removed
2,Removed
2,Removed
2,Removed
2,Removed
2,Removed
2,Removed
2,Removed
2,Removed
2,Removed
2,Removed
2,Removed
2,Removed
2,Removed
2,Removed
2,Removed
2,Removed
2,Removed
2,Removed
2,Removed
2,Removed
2,Removed
2,Removed
2,Removed
2,Removed
2,Removed
2,Removed
2,Removed
2,Removed
2,Removed
2,Removed
2,Removed
2,Removed
2,Removed
2,Removed
2,Removed
2,Removed
2,Removed
2,Removed
2,Removed
2,Removed
2,Removed
2,Removed
2,Removed
2,Removed
2,Removed
2,Removed
2,Removed
2,Removed
2,Removed
2,Removed
2,Removed
2,Removed
2,Removed
2,Removed
2,Removed
2,Removed
2,Removed
2,Removed
2,Removed
2,Removed
2,Removed
2,Removed
2,Removed
2,Removed
2,Removed
2,Removed
2,Removed
2,Removed
2,Removed
2,Removed
2,Removed
2,Removed
2,Removed
2,Removed
2,Removed
2,Removed
2,Removed
2,Removed
2,Removed
2,Removed
2,Removed
2,Removed
2,Removed
2,Removed
2,Removed
2,Removed
2,Removed
2,Removed
2,Removed
2,Removed
2,Removed
2,Removed
2,Removed
2,Removed
2,Removed
2,Removed
2,Removed
2,Removed
2,Removed
2,Removed
2,Removed
2,Removed
2,Removed
2,Removed
2,Removed
2,Removed
2,Removed
2,Removed
2,Removed
2,Removed
2,Removed
2,Removed
2,Removed
2,Removed
2,Removed
2,Removed
2,Removed
2,Removed
2,Removed
2,Removed
2,Removed
2,Removed
2,Removed
2,Removed
2,Removed
2,Removed
2,Removed
2,Removed
2,Removed
2,Removed
2,Removed
2,Removed
2,Removed
2,Removed
2,Removed
2,Removed
2,Removed
2,Removed
2,Removed
2,Removed
2,Removed
2,Removed
2,Removed
2,Removed
2,Removed
2,Removed
2,Removed
2,Removed
2,Removed
2,Removed
2,Removed
2,Removed
2,Removed
2,Removed
2,Removed
2,Removed
2,Removed
2,Removed
2,Removed
2,Removed
2,Removed
2,Removed
2,Removed
2,Removed
2,Removed
2,Removed
2,Removed
2,Removed
2,Removed
2,Removed
2,Removed
2,Removed
2,Removed
2,Removed
2,Removed
2,Removed
2,Removed
2,Removed
2,Removed
2,Removed
2,Removed
2,Removed
2,Removed
2,Removed
2,Removed
2,Removed
2,Removed
2,Removed
2,Removed
2,Removed
2,Removed
2,Removed
2,Removed
2,Removed
2,Removed
2,Removed
2,Removed
2,Removed
2,Removed
2,Removed
2,Removed
2,Removed
2,Removed
2,Removed
2,Removed
2,Removed
2,Removed
2,Removed
2,Removed
2,Removed
2,Removed
2,Removed
2,Removed
2,Removed
2,Removed
2,Removed
2,Removed
2,Removed
2,Removed
2,Removed
2,Removed
2,Removed
2,Removed
2,Removed
2,Removed
2,Removed
2,Removed
2,Removed
2,Removed
2,Removed
2,Removed
2,Removed
2,Removed
2,Removed
2,Removed
2,Removed
2,Removed
2,Removed
2,Removed
2,Removed
2,Removed
2,Removed
2,Removed
2,Removed
2,Removed
2,Removed
2,Removed
2,Removed
2,Removed
2,Removed
2,Removed
2,Removed
2,Removed
2,Removed
2,Removed
2,Removed
2,Removed
2,Removed
2,Removed
2,Removed
2,Removed
2,Removed
2,Removed
2,Removed
2,Removed
2,Removed
2,Removed
2,Removed
2,Removed
2,Removed
2,Removed
2,Removed
2,Removed
2,Removed
2,Removed
2,Removed
2,Removed
2,Removed
2,Removed
2,Removed
2,Removed
2,Removed
2,Removed
2,Removed
2,Removed
2,Removed
2,Removed
2,Removed
2,Removed
2,Removed
2,Removed
2,Removed
2,Removed
2,Removed
2,Removed
2,Removed
2,Removed
2,Removed
2,Removed
2,Removed
2,Removed
2,Removed
2,Removed
2,Removed
2,Removed
2,Removed
2,Removed
2,Removed
2,Removed
2,Removed
2,Removed
2,Removed
2,Removed
2,Removed
2,Removed
2,Removed
2,Removed
2,Removed
2,Removed
2,Removed
2,Removed
2,Removed
2,Removed
2,Removed
2,Removed
2,Removed
2,Removed
2,Removed
2,Removed
2,Removed
2,Removed
2,Removed
2,Removed
2,Removed
2,Removed
2,Removed
2,Removed
2,Removed
2,Removed
2,Removed
2,Removed
2,Removed
2,Removed
2,Removed
2,Removed
2,Removed
2,Removed
2,Removed
2,Removed
2,Removed
2,Removed
2,Removed
2,Removed
2,Removed
2,Removed
2,Removed
2,Removed
2,Removed
2,Removed
2,Removed
2,Removed
2,Removed
2,Removed
2,Removed
2,Removed
2,Removed
2,Removed
2,Removed
2,Removed
2,Removed
2,Removed
2,Removed
2,Removed
2,Removed
2,Removed
2,Removed